ID do usu√°rio,Nome de usu√°rio,ID do coment√°rio,Comente,Hora dos coment√°rios,P√°gina inicial do usu√°rio,URL do avatar,polarity_textblob,subjectivity_textblob
6848140597,brunno_guedes18,"=""17919262626059761""","Ser for uma indireta nubank, pode tirar o cavalinho da chuva kkk","26/02/2025, 06:38:07",https://www.instagram.com/brunno_guedes18,https://instagram.fxap3-1.fna.fbcdn.net/v/t51.2885-19/455972761_880846823937075_1977308861653514466_n.jpg?stp=dst-jpg_s150x150_tt6&_nc_ht=instagram.fxap3-1.fna.fbcdn.net&_nc_cat=103&_nc_oc=Q6cZ2QGV39ZDqqIQQrIewvxG_-ImQn9eeecE-its58mxKoCeXBwnTxYdG8OPDbDbFfHIeYWLMgJcdVVplfILPaLaZHqP&_nc_ohc=fOybuG1MYQQQ7kNvwEPE7sh&_nc_gid=cvhvaHxhWheVE9wj0w1osA&edm=AI-cjbYBAAAA&ccb=7-5&oh=00_AfIt5uyxRfjOXHXPcaRMbJCZQ8ae9YFSZiKrJq33Z9-rgA&oe=6826D14B&_nc_sid=0985b0,0.0,0.0
6104525079,dvd.rec11,"=""18055904594116701""",@rafael_ghidelli real kkkkk,"26/02/2025, 09:19:18",https://www.instagram.com/dvd.rec11,https://instagram.fxap3-1.fna.fbcdn.net/v/t51.2885-19/449672199_401794062877270_5703116964993898357_n.jpg?stp=dst-jpg_s150x150_tt6&_nc_ht=instagram.fxap3-1.fna.fbcdn.net&_nc_cat=110&_nc_oc=Q6cZ2QGV39ZDqqIQQrIewvxG_-ImQn9eeecE-its58mxKoCeXBwnTxYdG8OPDbDbFfHIeYWLMgJcdVVplfILPaLaZHqP&_nc_ohc=l7yTGIA3-HEQ7kNvwFHA8r8&_nc_gid=cvhvaHxhWheVE9wj0w1osA&edm=AI-cjbYBAAAA&ccb=7-5&oh=00_AfICzlQNQEUCVQzt03Lu78ettfk2M4k2YHbf8SS2qjbUBA&oe=6826BEA5&_nc_sid=0985b0,0.2,0.30000000000000004
4178452709,funakialexandre,"=""18041183384524780""","O atendimento chat da Nubank √© in√∫til.  Apenas dizem que as op√ß√µes s√£o as do app. Ger√™ncia s√≥ em banco com sede f√≠sica, o resto √© enrola√ß√£o e ca√ßa n√≠quel.","26/02/2025, 10:12:20",https://www.instagram.com/funakialexandre,https://instagram.fxap3-1.fna.fbcdn.net/v/t51.2885-19/310003643_1074740690074119_3422506753793607947_n.jpg?stp=dst-jpg_s150x150_tt6&_nc_ht=instagram.fxap3-1.fna.fbcdn.net&_nc_cat=103&_nc_oc=Q6cZ2QGV39ZDqqIQQrIewvxG_-ImQn9eeecE-its58mxKoCeXBwnTxYdG8OPDbDbFfHIeYWLMgJcdVVplfILPaLaZHqP&_nc_ohc=E0Rr9aHxzA8Q7kNvwHAUqCR&_nc_gid=cvhvaHxhWheVE9wj0w1osA&edm=AI-cjbYBAAAA&ccb=7-5&oh=00_AfJ_HQnTBigb3shodyCHKLc4bmswYNGuPS6jBIo5_avc4Q&oe=6826B278&_nc_sid=0985b0,0.0,0.0
2303632907,priiscila_menezess,"=""17986695722639687""",Ativar pra proteger meus 50 reais de limite ü§£,"26/02/2025, 10:21:16",https://www.instagram.com/priiscila_menezess,https://instagram.fxap3-1.fna.fbcdn.net/v/t51.2885-19/488569108_1658488254872811_7732141460681003501_n.jpg?stp=dst-jpg_s150x150_tt6&_nc_ht=instagram.fxap3-1.fna.fbcdn.net&_nc_cat=103&_nc_oc=Q6cZ2QGV39ZDqqIQQrIewvxG_-ImQn9eeecE-its58mxKoCeXBwnTxYdG8OPDbDbFfHIeYWLMgJcdVVplfILPaLaZHqP&_nc_ohc=h3w-nBXA4Q4Q7kNvwGQsXhS&_nc_gid=cvhvaHxhWheVE9wj0w1osA&edm=AI-cjbYBAAAA&ccb=7-5&oh=00_AfJ2erw3u9Xqo4MwstGlHY2j5xZx3jNV420TZGQM29ittQ&oe=6826BB40&_nc_sid=0985b0,0.0,0.0
1495428601,nubank,"=""17995249325770899""","@funakialexandre ficamos preocupados com o seu relato, poderia nos explicar com mais detalhes a sua d√∫vida?","26/02/2025, 11:15:33",https://www.instagram.com/nubank,https://instagram.fxap3-1.fna.fbcdn.net/v/t51.2885-19/324089383_1107918419880288_2067674984575890345_n.jpg?stp=dst-jpg_s150x150_tt6&_nc_ht=instagram.fxap3-1.fna.fbcdn.net&_nc_cat=100&_nc_oc=Q6cZ2QGV39ZDqqIQQrIewvxG_-ImQn9eeecE-its58mxKoCeXBwnTxYdG8OPDbDbFfHIeYWLMgJcdVVplfILPaLaZHqP&_nc_ohc=IBej-yk-jgUQ7kNvwEvX6k9&_nc_gid=cvhvaHxhWheVE9wj0w1osA&edm=AI-cjbYBAAAA&ccb=7-5&oh=00_AfJIyubWhd491UBlUprXf8CNkn3sKIMZ84bvDnYWVhKzsg&oe=6826B87A&_nc_sid=0985b0,0.0,0.0
1434466360,sales.marco,"=""18359470564124986""",O cara tem teletranaporte. Esta no futuro e ainda usa fone de ouvido com fio? E microfone? Kkkk,"26/02/2025, 12:31:05",https://www.instagram.com/sales.marco,https://instagram.fxap3-1.fna.fbcdn.net/v/t51.2885-19/448332618_1913134195773910_7407645667174289484_n.jpg?stp=dst-jpg_s150x150_tt6&_nc_ht=instagram.fxap3-1.fna.fbcdn.net&_nc_cat=110&_nc_oc=Q6cZ2QGV39ZDqqIQQrIewvxG_-ImQn9eeecE-its58mxKoCeXBwnTxYdG8OPDbDbFfHIeYWLMgJcdVVplfILPaLaZHqP&_nc_ohc=i1gO7U9WfWcQ7kNvwEtXJd2&_nc_gid=cvhvaHxhWheVE9wj0w1osA&edm=AI-cjbYBAAAA&ccb=7-5&oh=00_AfKamuIHkuk6rcrCkPnkgsqYDm_9WHHkzby_9ziLRTQqOQ&oe=6826B81C&_nc_sid=0985b0,0.0,0.0
217647596,luacostapena,"=""18048617504020487""",@funakialexandre concordo com vc!,"26/02/2025, 12:55:16",https://www.instagram.com/luacostapena,https://instagram.fxap3-1.fna.fbcdn.net/v/t51.2885-19/452849652_918895070043860_7149623498036118219_n.jpg?stp=dst-jpg_s150x150_tt6&_nc_ht=instagram.fxap3-1.fna.fbcdn.net&_nc_cat=108&_nc_oc=Q6cZ2QGV39ZDqqIQQrIewvxG_-ImQn9eeecE-its58mxKoCeXBwnTxYdG8OPDbDbFfHIeYWLMgJcdVVplfILPaLaZHqP&_nc_ohc=Hsd8_pOPAj0Q7kNvwEJXUFM&_nc_gid=cvhvaHxhWheVE9wj0w1osA&edm=AI-cjbYBAAAA&ccb=7-5&oh=00_AfLhzeeXE9J2TTCk3iD6-65uqp6oDon8VuzZMN3V3mKAlA&oe=6826CE2A&_nc_sid=0985b0,0.0,0.0
4178452709,funakialexandre,"=""18025875527640445""",@nubank mentira. Voc√™s querem seus clientes superendividados. Tentei renegocia√ß√£o antes do vencimento e disseram que as √∫nicas op√ß√µes s√£o as dispon√≠veis no app.,"26/02/2025, 12:55:25",https://www.instagram.com/funakialexandre,https://instagram.fxap3-1.fna.fbcdn.net/v/t51.2885-19/310003643_1074740690074119_3422506753793607947_n.jpg?stp=dst-jpg_s150x150_tt6&_nc_ht=instagram.fxap3-1.fna.fbcdn.net&_nc_cat=103&_nc_oc=Q6cZ2QGV39ZDqqIQQrIewvxG_-ImQn9eeecE-its58mxKoCeXBwnTxYdG8OPDbDbFfHIeYWLMgJcdVVplfILPaLaZHqP&_nc_ohc=E0Rr9aHxzA8Q7kNvwHAUqCR&_nc_gid=cvhvaHxhWheVE9wj0w1osA&edm=AI-cjbYBAAAA&ccb=7-5&oh=00_AfJ_HQnTBigb3shodyCHKLc4bmswYNGuPS6jBIo5_avc4Q&oe=6826B278&_nc_sid=0985b0,0.0,0.0
217647596,luacostapena,"=""18026179817348360""",Atendimento via chat p√©ssimo!,"26/02/2025, 12:55:34",https://www.instagram.com/luacostapena,https://instagram.fxap3-1.fna.fbcdn.net/v/t51.2885-19/452849652_918895070043860_7149623498036118219_n.jpg?stp=dst-jpg_s150x150_tt6&_nc_ht=instagram.fxap3-1.fna.fbcdn.net&_nc_cat=108&_nc_oc=Q6cZ2QGV39ZDqqIQQrIewvxG_-ImQn9eeecE-its58mxKoCeXBwnTxYdG8OPDbDbFfHIeYWLMgJcdVVplfILPaLaZHqP&_nc_ohc=Hsd8_pOPAj0Q7kNvwEJXUFM&_nc_gid=cvhvaHxhWheVE9wj0w1osA&edm=AI-cjbYBAAAA&ccb=7-5&oh=00_AfLhzeeXE9J2TTCk3iD6-65uqp6oDon8VuzZMN3V3mKAlA&oe=6826CE2A&_nc_sid=0985b0,0.0,0.0
1495428601,nubank,"=""18067393123893275""","Entendemos a sua preocupa√ß√£o, Alexandre. Para podermos analisar tal situa√ß√£o com cuidado e lhe dar todas as informa√ß√µes necess√°rias, pedimos que entre em contato com o nosso time atrav√©s do canal de atendimento a seguir:

‚Äî 4020 0185 (para capitais e regi√µes metropolitanas);
‚Äî ou 0800 591 2117 (para outras localidades).

No mais, estaremos sempre √† disposi√ß√£o e esperamos que tudo seja tranquilamente esclarecido.","26/02/2025, 13:18:04",https://www.instagram.com/nubank,https://instagram.fxap3-1.fna.fbcdn.net/v/t51.2885-19/324089383_1107918419880288_2067674984575890345_n.jpg?stp=dst-jpg_s150x150_tt6&_nc_ht=instagram.fxap3-1.fna.fbcdn.net&_nc_cat=100&_nc_oc=Q6cZ2QGV39ZDqqIQQrIewvxG_-ImQn9eeecE-its58mxKoCeXBwnTxYdG8OPDbDbFfHIeYWLMgJcdVVplfILPaLaZHqP&_nc_ohc=IBej-yk-jgUQ7kNvwEvX6k9&_nc_gid=cvhvaHxhWheVE9wj0w1osA&edm=AI-cjbYBAAAA&ccb=7-5&oh=00_AfJIyubWhd491UBlUprXf8CNkn3sKIMZ84bvDnYWVhKzsg&oe=6826B87A&_nc_sid=0985b0,0.0,0.0
5522308972,v_draien,"=""18160433656337552""",‚òØÔ∏è,"26/02/2025, 15:49:35",https://www.instagram.com/v_draien,https://instagram.fxap3-1.fna.fbcdn.net/v/t51.2885-19/481005724_1359880708660050_2905539966600872114_n.jpg?stp=dst-jpg_s150x150_tt6&_nc_ht=instagram.fxap3-1.fna.fbcdn.net&_nc_cat=106&_nc_oc=Q6cZ2QGV39ZDqqIQQrIewvxG_-ImQn9eeecE-its58mxKoCeXBwnTxYdG8OPDbDbFfHIeYWLMgJcdVVplfILPaLaZHqP&_nc_ohc=W220hsTbRlYQ7kNvwHDKVAX&_nc_gid=cvhvaHxhWheVE9wj0w1osA&edm=AI-cjbYBAAAA&ccb=7-5&oh=00_AfLwzMDIiYMi7T-kV3_daawciT_wXNFyRz7sj5aA5G79Sw&oe=6826B491&_nc_sid=0985b0,0.0,0.0
410864109,brunalpx,"=""18090961948491528""",A√≠ sim,"26/02/2025, 16:16:15",https://www.instagram.com/brunalpx,https://instagram.fxap3-1.fna.fbcdn.net/v/t51.2885-19/474385501_1200588814969687_1672790495520002351_n.jpg?stp=dst-jpg_s150x150_tt6&_nc_ht=instagram.fxap3-1.fna.fbcdn.net&_nc_cat=107&_nc_oc=Q6cZ2QGV39ZDqqIQQrIewvxG_-ImQn9eeecE-its58mxKoCeXBwnTxYdG8OPDbDbFfHIeYWLMgJcdVVplfILPaLaZHqP&_nc_ohc=fazvc-2emJMQ7kNvwFYpLZk&_nc_gid=cvhvaHxhWheVE9wj0w1osA&edm=AI-cjbYBAAAA&ccb=7-5&oh=00_AfJexsiHK-TOQtIEeYKPYgbpYA3tY8QMldxGqI-feu4OvQ&oe=6826A955&_nc_sid=0985b0,0.0,0.0
36384446914,studiosmonteiro,"=""18026239097646097""",@aniellefeldmann bota um √≥culos a√≠ minha filha,"26/02/2025, 17:35:11",https://www.instagram.com/studiosmonteiro,https://instagram.fxap3-1.fna.fbcdn.net/v/t51.2885-19/432594062_691352549618587_130731910547109091_n.jpg?stp=dst-jpg_s150x150_tt6&_nc_ht=instagram.fxap3-1.fna.fbcdn.net&_nc_cat=107&_nc_oc=Q6cZ2QGV39ZDqqIQQrIewvxG_-ImQn9eeecE-its58mxKoCeXBwnTxYdG8OPDbDbFfHIeYWLMgJcdVVplfILPaLaZHqP&_nc_ohc=NTKSILe8anEQ7kNvwELoh_8&_nc_gid=cvhvaHxhWheVE9wj0w1osA&edm=AI-cjbYBAAAA&ccb=7-5&oh=00_AfLi5PuOKJKth2geO1krReYR4Zv4hwCQuMVVspmZrF9jpg&oe=6826C252&_nc_sid=0985b0,0.0,0.0
1495428601,nubank,"=""17850032907378796""","@diegoportilha Com o Modo Rua, o Nubank avan√ßa nos cuidados com a sua seguran√ßa digital, usando a tecnologia para proteger e facilitar a sua vida.

E para ativar esse benef√≠cio gratuitamente no seu app do Nubank, basta definir um limite de gastos fora de casa e indicar suas redes, Wi-Fi seguras.
Voc√™ pode escolher mais de uma rede.

Entre no menu principal do app, indicado pelo bot√£o de perfil no canto superior esquerdo da tela;
V√° √† se√ß√£o ‚ÄúSeguran√ßa‚Äù;
Clique em ‚ÄúModo Rua‚Äù e depois em ""Continuar"";
Estipule o valor m√°ximo das suas transa√ß√µes enquanto estiver na rua. Para confirmar, clique no bot√£o ‚ÄúDefinir valor m√°ximo‚Äù;
Agora, selecione suas redes, Wi-Fi seguras;
Clique no bot√£o ‚ÄúPronto‚Äù para concluir a ativa√ß√£o.","26/02/2025, 18:17:24",https://www.instagram.com/nubank,https://instagram.fxap3-1.fna.fbcdn.net/v/t51.2885-19/324089383_1107918419880288_2067674984575890345_n.jpg?stp=dst-jpg_s150x150_tt6&_nc_ht=instagram.fxap3-1.fna.fbcdn.net&_nc_cat=100&_nc_oc=Q6cZ2QGV39ZDqqIQQrIewvxG_-ImQn9eeecE-its58mxKoCeXBwnTxYdG8OPDbDbFfHIeYWLMgJcdVVplfILPaLaZHqP&_nc_ohc=IBej-yk-jgUQ7kNvwEvX6k9&_nc_gid=cvhvaHxhWheVE9wj0w1osA&edm=AI-cjbYBAAAA&ccb=7-5&oh=00_AfJIyubWhd491UBlUprXf8CNkn3sKIMZ84bvDnYWVhKzsg&oe=6826B87A&_nc_sid=0985b0,0.35,0.45
8646149308,minhasplantas_beautifulplants,"=""18053044241140400""",Que top üëèüèºüëèüèºüëèüèº,"26/02/2025, 18:18:31",https://www.instagram.com/minhasplantas_beautifulplants,https://instagram.fxap3-1.fna.fbcdn.net/v/t51.2885-19/272464249_111232311348513_1074867446470940289_n.jpg?stp=dst-jpg_s150x150_tt6&_nc_ht=instagram.fxap3-1.fna.fbcdn.net&_nc_cat=109&_nc_oc=Q6cZ2QGV39ZDqqIQQrIewvxG_-ImQn9eeecE-its58mxKoCeXBwnTxYdG8OPDbDbFfHIeYWLMgJcdVVplfILPaLaZHqP&_nc_ohc=SI5OxXZl8fsQ7kNvwFKTBWq&_nc_gid=cvhvaHxhWheVE9wj0w1osA&edm=AI-cjbYBAAAA&ccb=7-5&oh=00_AfLRyfmNiucBIn60rw8Awkmg49eT3Oe1JTM0BxP6D0RRiQ&oe=6826A89A&_nc_sid=0985b0,0.5,0.5
962594578,aniellefeldmann,"=""18060585890066646""",@studiosmonteiro üòÇüòÇ,"26/02/2025, 18:21:35",https://www.instagram.com/aniellefeldmann,https://instagram.fxap3-1.fna.fbcdn.net/v/t51.2885-19/472840840_869486238456632_1960107181905993569_n.jpg?stp=dst-jpg_s150x150_tt6&_nc_ht=instagram.fxap3-1.fna.fbcdn.net&_nc_cat=108&_nc_oc=Q6cZ2QGV39ZDqqIQQrIewvxG_-ImQn9eeecE-its58mxKoCeXBwnTxYdG8OPDbDbFfHIeYWLMgJcdVVplfILPaLaZHqP&_nc_ohc=84EuT7QCA1IQ7kNvwFBU9-W&_nc_gid=cvhvaHxhWheVE9wj0w1osA&edm=AI-cjbYBAAAA&ccb=7-5&oh=00_AfIxdi2mjAEI5obM3l1LTzipai5r20mq5KyuX8YO9rKQww&oe=6826B032&_nc_sid=0985b0,0.0,0.0
1584157233,renata_sbotelho,"=""18071080054657451""","At√© aqui @nubank foi comigo, espero que continue sendo... S√≥ acho que deveriam dar mais cr√©dito aos clientes, inv√©s de famosos...dar oprtunide","26/02/2025, 19:11:54",https://www.instagram.com/renata_sbotelho,https://instagram.fxap3-1.fna.fbcdn.net/v/t51.2885-19/482645541_9615952115093753_5762778286420415738_n.jpg?stp=dst-jpg_s150x150_tt6&_nc_ht=instagram.fxap3-1.fna.fbcdn.net&_nc_cat=105&_nc_oc=Q6cZ2QGV39ZDqqIQQrIewvxG_-ImQn9eeecE-its58mxKoCeXBwnTxYdG8OPDbDbFfHIeYWLMgJcdVVplfILPaLaZHqP&_nc_ohc=489sxbywZr4Q7kNvwGQo0_X&_nc_gid=cvhvaHxhWheVE9wj0w1osA&edm=AI-cjbYBAAAA&ccb=7-5&oh=00_AfKCanmFDHHWHhG2e_ezS6QTDRR1VM3quiEG3ZFAxtb9Xg&oe=6826A5F4&_nc_sid=0985b0,0.0,0.0
1584157233,renata_sbotelho,"=""18383348734112396""","@renata_sbotelho da oportunidade as pessoas que pagam em dia, movimentam suas contas... Pov√£o mesmo sabe a galera que abra√ßou vcs @nubank","26/02/2025, 19:13:04",https://www.instagram.com/renata_sbotelho,https://instagram.fxap3-1.fna.fbcdn.net/v/t51.2885-19/482645541_9615952115093753_5762778286420415738_n.jpg?stp=dst-jpg_s150x150_tt6&_nc_ht=instagram.fxap3-1.fna.fbcdn.net&_nc_cat=105&_nc_oc=Q6cZ2QGV39ZDqqIQQrIewvxG_-ImQn9eeecE-its58mxKoCeXBwnTxYdG8OPDbDbFfHIeYWLMgJcdVVplfILPaLaZHqP&_nc_ohc=489sxbywZr4Q7kNvwGQo0_X&_nc_gid=cvhvaHxhWheVE9wj0w1osA&edm=AI-cjbYBAAAA&ccb=7-5&oh=00_AfKCanmFDHHWHhG2e_ezS6QTDRR1VM3quiEG3ZFAxtb9Xg&oe=6826A5F4&_nc_sid=0985b0,0.0,0.0
2109352857,_.nanda_magalhaes,"=""18075362752674265""",Vou fazer isso ü§£,"26/02/2025, 20:27:29",https://www.instagram.com/_.nanda_magalhaes,https://instagram.fxap3-1.fna.fbcdn.net/v/t51.2885-19/495965958_18474007546064858_2495665217562877863_n.jpg?stp=dst-jpg_s150x150_tt6&_nc_ht=instagram.fxap3-1.fna.fbcdn.net&_nc_cat=102&_nc_oc=Q6cZ2QGV39ZDqqIQQrIewvxG_-ImQn9eeecE-its58mxKoCeXBwnTxYdG8OPDbDbFfHIeYWLMgJcdVVplfILPaLaZHqP&_nc_ohc=0R0JwL6ni2QQ7kNvwFAC2-S&_nc_gid=cvhvaHxhWheVE9wj0w1osA&edm=AI-cjbYBAAAA&ccb=7-5&oh=00_AfL1BQa2UZXMhvH0T-jPtMAkYzytCEc6-egBlLjQ-yBN7Q&oe=6826A8B5&_nc_sid=0985b0,0.0,0.0
8635180081,rayyxuu,"=""18064373959744123""",Por um momento parecia o Dinho dos mamonas,"26/02/2025, 23:00:19",https://www.instagram.com/rayyxuu,https://instagram.fxap3-1.fna.fbcdn.net/v/t51.2885-19/362907738_1354136228645897_4370507349516467023_n.jpg?stp=dst-jpg_s150x150_tt6&_nc_ht=instagram.fxap3-1.fna.fbcdn.net&_nc_cat=105&_nc_oc=Q6cZ2QGV39ZDqqIQQrIewvxG_-ImQn9eeecE-its58mxKoCeXBwnTxYdG8OPDbDbFfHIeYWLMgJcdVVplfILPaLaZHqP&_nc_ohc=PBxh_gECuvMQ7kNvwHIOWdj&_nc_gid=cvhvaHxhWheVE9wj0w1osA&edm=AI-cjbYBAAAA&ccb=7-5&oh=00_AfLKJ8YIUPi2g6tcDAFaCJbAsySeAjzAfxqCzgqI-NEERA&oe=6826B90E&_nc_sid=0985b0,0.0,0.0
58691995274,zezemaria8272,"=""17927702952033625""",üòçiiii876799,"07/03/2025, 10:10:09",https://www.instagram.com/zezemaria8272,https://instagram.fxap3-1.fna.fbcdn.net/v/t51.2885-19/488957930_1419957219417202_8294746775205387300_n.jpg?stp=dst-jpg_s150x150_tt6&_nc_ht=instagram.fxap3-1.fna.fbcdn.net&_nc_cat=110&_nc_oc=Q6cZ2QGV39ZDqqIQQrIewvxG_-ImQn9eeecE-its58mxKoCeXBwnTxYdG8OPDbDbFfHIeYWLMgJcdVVplfILPaLaZHqP&_nc_ohc=2XS_LlStNQAQ7kNvwHDwZVE&_nc_gid=cvhvaHxhWheVE9wj0w1osA&edm=AI-cjbYBAAAA&ccb=7-5&oh=00_AfJaursymSoHDeO-Ilh73NbxHd_h3pM2DjHGfPSFQBeaWA&oe=6826B6E9&_nc_sid=0985b0,0.0,0.0
58691995274,zezemaria8272,"=""18131226478404676""",,"07/03/2025, 10:10:13",https://www.instagram.com/zezemaria8272,https://instagram.fxap3-1.fna.fbcdn.net/v/t51.2885-19/488957930_1419957219417202_8294746775205387300_n.jpg?stp=dst-jpg_s150x150_tt6&_nc_ht=instagram.fxap3-1.fna.fbcdn.net&_nc_cat=110&_nc_oc=Q6cZ2QGV39ZDqqIQQrIewvxG_-ImQn9eeecE-its58mxKoCeXBwnTxYdG8OPDbDbFfHIeYWLMgJcdVVplfILPaLaZHqP&_nc_ohc=2XS_LlStNQAQ7kNvwHDwZVE&_nc_gid=cvhvaHxhWheVE9wj0w1osA&edm=AI-cjbYBAAAA&ccb=7-5&oh=00_AfJaursymSoHDeO-Ilh73NbxHd_h3pM2DjHGfPSFQBeaWA&oe=6826B6E9&_nc_sid=0985b0,0.0,0.0
52884164687,paulo_lopes_16,"=""17922837197935737""",,"24/02/2025, 20:01:42",https://www.instagram.com/paulo_lopes_16,https://instagram.fxap3-1.fna.fbcdn.net/v/t51.2885-19/434961026_435293359016098_2535397973906404000_n.jpg?stp=dst-jpg_s150x150_tt6&_nc_ht=instagram.fxap3-1.fna.fbcdn.net&_nc_cat=110&_nc_oc=Q6cZ2QFKe5bKh8wwKfrig7AGSgU7IsWrT3SJMVqB_LLGr6eQ7z8AD7Lz7MupQDiHzQNM9tLTOzOGXsiPC90jPyA85N96&_nc_ohc=8kHNUEtqUWcQ7kNvwEzy5Ct&_nc_gid=ae1Zdl33hnunHL8Z965qOQ&edm=AI-cjbYBAAAA&ccb=7-5&oh=00_AfKS_Tdl_Yp3wh6E9DCiaTzcoFird7SUGqjKJ3jcLGeEag&oe=6826DBA8&_nc_sid=0985b0,0.0,0.0
48114725807,jessicaassis41,"=""18083452522607943""",Usem camisinha,"24/02/2025, 20:02:01",https://www.instagram.com/jessicaassis41,https://instagram.fxap3-1.fna.fbcdn.net/v/t51.2885-19/490008127_1735956850634084_3336464067553893349_n.jpg?stp=dst-jpg_s150x150_tt6&_nc_ht=instagram.fxap3-1.fna.fbcdn.net&_nc_cat=108&_nc_oc=Q6cZ2QFKe5bKh8wwKfrig7AGSgU7IsWrT3SJMVqB_LLGr6eQ7z8AD7Lz7MupQDiHzQNM9tLTOzOGXsiPC90jPyA85N96&_nc_ohc=IXXpp4nYa24Q7kNvwGTp1Up&_nc_gid=ae1Zdl33hnunHL8Z965qOQ&edm=AI-cjbYBAAAA&ccb=7-5&oh=00_AfI8lTRyhF_wUZo6U1Ol5ELuQRqBmSlEwKdV4PNqQ06Dkw&oe=6826C3E6&_nc_sid=0985b0,0.0,0.0
38179848922,mathias.limaa,"=""18351344698183813""",Achei que era o Luan santana,"24/02/2025, 20:16:37",https://www.instagram.com/mathias.limaa,https://instagram.fxap3-1.fna.fbcdn.net/v/t51.2885-19/407507002_1049602842908003_165075160762639033_n.jpg?stp=dst-jpg_s150x150_tt6&_nc_ht=instagram.fxap3-1.fna.fbcdn.net&_nc_cat=111&_nc_oc=Q6cZ2QFKe5bKh8wwKfrig7AGSgU7IsWrT3SJMVqB_LLGr6eQ7z8AD7Lz7MupQDiHzQNM9tLTOzOGXsiPC90jPyA85N96&_nc_ohc=D-pSdmz5kowQ7kNvwFlEJ2C&_nc_gid=ae1Zdl33hnunHL8Z965qOQ&edm=AI-cjbYBAAAA&ccb=7-5&oh=00_AfKQt3D8cQkleyTlGb8ZfeDO-Md3ndh0KEZiEFq1MARb3A&oe=6826AAE7&_nc_sid=0985b0,0.0,0.0
16726035348,gustavo__sillvar,"=""17882708970237869""",Kkk,"24/02/2025, 20:31:32",https://www.instagram.com/gustavo__sillvar,https://instagram.fxap3-1.fna.fbcdn.net/v/t51.2885-19/496854508_18099273283555349_3266952058513177307_n.jpg?stp=dst-jpg_s150x150_tt6&_nc_ht=instagram.fxap3-1.fna.fbcdn.net&_nc_cat=105&_nc_oc=Q6cZ2QFKe5bKh8wwKfrig7AGSgU7IsWrT3SJMVqB_LLGr6eQ7z8AD7Lz7MupQDiHzQNM9tLTOzOGXsiPC90jPyA85N96&_nc_ohc=gHvG8KsjPmAQ7kNvwGy0sWC&_nc_gid=ae1Zdl33hnunHL8Z965qOQ&edm=AI-cjbYBAAAA&ccb=7-5&oh=00_AfL4OqBtMQEw9YpxvFvt5m1RHrj31JhHBsKDYMZ3LTnOjg&oe=6826AA4E&_nc_sid=0985b0,0.0,0.0
36778115880,jackson_balbinotti,"=""17922251079024732""",Achei que era o gabiru..kkkk ex jogador do inter..kkk,"24/02/2025, 23:17:19",https://www.instagram.com/jackson_balbinotti,https://instagram.fxap3-1.fna.fbcdn.net/v/t51.2885-19/222767551_360004305494062_3693240642247948389_n.jpg?stp=dst-jpg_s150x150_tt6&_nc_ht=instagram.fxap3-1.fna.fbcdn.net&_nc_cat=110&_nc_oc=Q6cZ2QFKe5bKh8wwKfrig7AGSgU7IsWrT3SJMVqB_LLGr6eQ7z8AD7Lz7MupQDiHzQNM9tLTOzOGXsiPC90jPyA85N96&_nc_ohc=_fVPeyniy1UQ7kNvwE6oX7y&_nc_gid=ae1Zdl33hnunHL8Z965qOQ&edm=AI-cjbYBAAAA&ccb=7-5&oh=00_AfLjVe_ncLJOD348vO1VQvnEYJTeL-cBZwU6otNX_U-b9g&oe=6826D0AF&_nc_sid=0985b0,0.0,0.0
66874541839,lukasgabriel.00,"=""17876584791267622""",Kkkkkkk,"24/02/2025, 23:20:24",https://www.instagram.com/lukasgabriel.00,https://instagram.fxap3-1.fna.fbcdn.net/v/t51.2885-19/491443039_575047508938904_5786279524161953117_n.jpg?stp=dst-jpg_s150x150_tt6&_nc_ht=instagram.fxap3-1.fna.fbcdn.net&_nc_cat=108&_nc_oc=Q6cZ2QFKe5bKh8wwKfrig7AGSgU7IsWrT3SJMVqB_LLGr6eQ7z8AD7Lz7MupQDiHzQNM9tLTOzOGXsiPC90jPyA85N96&_nc_ohc=nNAuuQ2XrA0Q7kNvwHBSQek&_nc_gid=ae1Zdl33hnunHL8Z965qOQ&edm=AI-cjbYBAAAA&ccb=7-5&oh=00_AfLCF8bD3Xn9zk7xvoBqWgj3IzOGAWiFeogUhoQMc6GVBw&oe=6826C12D&_nc_sid=0985b0,0.0,0.0
7970555500,r___rts,"=""18056557574491409""",@setimos_x tu deixa todo o teu patrim√¥nio em cripto? Coragem,"25/02/2025, 00:37:18",https://www.instagram.com/r___rts,https://instagram.fxap3-1.fna.fbcdn.net/v/t51.2885-19/496321001_18278586709267501_6842967313159435776_n.jpg?stp=dst-jpg_s150x150_tt6&_nc_ht=instagram.fxap3-1.fna.fbcdn.net&_nc_cat=101&_nc_oc=Q6cZ2QFKe5bKh8wwKfrig7AGSgU7IsWrT3SJMVqB_LLGr6eQ7z8AD7Lz7MupQDiHzQNM9tLTOzOGXsiPC90jPyA85N96&_nc_ohc=RM6RmUK2I0YQ7kNvwEU-vyK&_nc_gid=ae1Zdl33hnunHL8Z965qOQ&edm=AI-cjbYBAAAA&ccb=7-5&oh=00_AfJnwDreLPwTu2Pn5QcgvN36vU3XtUlLiR2hzBGDdsAO9Q&oe=6826C600&_nc_sid=0985b0,0.0,0.0
1349451224,soaresz_gab,"=""18058237450852724""",,"25/02/2025, 01:51:52",https://www.instagram.com/soaresz_gab,https://instagram.fxap3-1.fna.fbcdn.net/v/t51.2885-19/471926144_1715081106004904_2205667298970699112_n.jpg?stp=dst-jpg_s150x150_tt6&_nc_ht=instagram.fxap3-1.fna.fbcdn.net&_nc_cat=108&_nc_oc=Q6cZ2QFKe5bKh8wwKfrig7AGSgU7IsWrT3SJMVqB_LLGr6eQ7z8AD7Lz7MupQDiHzQNM9tLTOzOGXsiPC90jPyA85N96&_nc_ohc=43YJfSP_N3gQ7kNvwFlxSfB&_nc_gid=ae1Zdl33hnunHL8Z965qOQ&edm=AI-cjbYBAAAA&ccb=7-5&oh=00_AfIZtxZS7-0sHIayp3pLy3aUwO5x2NvMwND7XDct1SzaJA&oe=6826B770&_nc_sid=0985b0,0.0,0.0
67491516022,jobramalho74,"=""18059915417050600""",...,"25/02/2025, 02:46:58",https://www.instagram.com/jobramalho74,https://instagram.fxap3-1.fna.fbcdn.net/v/t51.2885-19/461440420_1984463608693459_2021198897081315102_n.jpg?stp=dst-jpg_s150x150_tt6&_nc_ht=instagram.fxap3-1.fna.fbcdn.net&_nc_cat=107&_nc_oc=Q6cZ2QFKe5bKh8wwKfrig7AGSgU7IsWrT3SJMVqB_LLGr6eQ7z8AD7Lz7MupQDiHzQNM9tLTOzOGXsiPC90jPyA85N96&_nc_ohc=QFUv3-AD6QkQ7kNvwFQ0abI&_nc_gid=ae1Zdl33hnunHL8Z965qOQ&edm=AI-cjbYBAAAA&ccb=7-5&oh=00_AfKvE8BLMnwos-pj0LoIGyAopgSMk_fLOdrO9_Ik5ZldzA&oe=6826D3C9&_nc_sid=0985b0,0.0,0.0
41078706220,souzacimina,"=""17959262318896826""",.,"25/02/2025, 03:36:20",https://www.instagram.com/souzacimina,https://instagram.fxap3-1.fna.fbcdn.net/v/t51.2885-19/308216629_1472074896646789_4406250116064423140_n.jpg?stp=dst-jpg_s150x150_tt6&_nc_ht=instagram.fxap3-1.fna.fbcdn.net&_nc_cat=101&_nc_oc=Q6cZ2QFKe5bKh8wwKfrig7AGSgU7IsWrT3SJMVqB_LLGr6eQ7z8AD7Lz7MupQDiHzQNM9tLTOzOGXsiPC90jPyA85N96&_nc_ohc=db6BkrejMF0Q7kNvwFM-5LB&_nc_gid=ae1Zdl33hnunHL8Z965qOQ&edm=AI-cjbYBAAAA&ccb=7-5&oh=00_AfIDTTe5-deMURz4g7Fl2x6-7xlThwWFHAneUYobbDln-w&oe=6826AC58&_nc_sid=0985b0,0.0,0.0
1108025925,dom_carvalho,"=""17987430230790281""",üòè,"25/02/2025, 05:34:40",https://www.instagram.com/dom_carvalho,https://instagram.fxap3-1.fna.fbcdn.net/v/t51.2885-19/11899640_1729021043993024_985647686_a.jpg?stp=dst-jpg_s150x150_tt6&_nc_ht=instagram.fxap3-1.fna.fbcdn.net&_nc_cat=108&_nc_oc=Q6cZ2QFKe5bKh8wwKfrig7AGSgU7IsWrT3SJMVqB_LLGr6eQ7z8AD7Lz7MupQDiHzQNM9tLTOzOGXsiPC90jPyA85N96&_nc_ohc=ZIhORxJITHAQ7kNvwHqMRvm&_nc_gid=ae1Zdl33hnunHL8Z965qOQ&edm=AI-cjbYBAAAA&ccb=7-5&oh=00_AfJYMzw7ngZhtgXjhVeGYeF29SxNdi8h2chQU7nKAtHCxA&oe=6826B392&_nc_sid=0985b0,0.0,0.0
49089531549,lucatradervideos,"=""18291716767173314""",A prote√ß√£o ü™õ‚úÇÔ∏èüî™,"25/02/2025, 06:16:34",https://www.instagram.com/lucatradervideos,https://instagram.fxap3-1.fna.fbcdn.net/v/t51.2885-19/491461195_18036535358635550_1292161922822931564_n.jpg?stp=dst-jpg_s150x150_tt6&_nc_ht=instagram.fxap3-1.fna.fbcdn.net&_nc_cat=102&_nc_oc=Q6cZ2QFKe5bKh8wwKfrig7AGSgU7IsWrT3SJMVqB_LLGr6eQ7z8AD7Lz7MupQDiHzQNM9tLTOzOGXsiPC90jPyA85N96&_nc_ohc=V3ChRNtG-LYQ7kNvwFcbMsd&_nc_gid=ae1Zdl33hnunHL8Z965qOQ&edm=AI-cjbYBAAAA&ccb=7-5&oh=00_AfKLIk7CH6ckXYIisDB4BmcSigdabRTJu5b4_-2aQz_9pg&oe=6826D757&_nc_sid=0985b0,0.0,0.0
1014115245,alannalacerda,"=""18049526333196241""","@rayssa._.alvees at√© porque, ap√≥s o carnaval, a vida continua e voc√™ vai precisar comprar sua fatia de um p√£o franc√™s üòåüôèüèΩ","25/02/2025, 06:33:14",https://www.instagram.com/alannalacerda,https://instagram.fxap3-1.fna.fbcdn.net/v/t51.2885-19/494804736_18507081676035246_5778426734129792123_n.jpg?stp=dst-jpg_s150x150_tt6&_nc_ht=instagram.fxap3-1.fna.fbcdn.net&_nc_cat=106&_nc_oc=Q6cZ2QFKe5bKh8wwKfrig7AGSgU7IsWrT3SJMVqB_LLGr6eQ7z8AD7Lz7MupQDiHzQNM9tLTOzOGXsiPC90jPyA85N96&_nc_ohc=clBxvNn2HSoQ7kNvwH2NaR3&_nc_gid=ae1Zdl33hnunHL8Z965qOQ&edm=AI-cjbYBAAAA&ccb=7-5&oh=00_AfJPzohlrK5v02rUiNYQZI7jrrJo__vWhClQDp045SrC8A&oe=6826C851&_nc_sid=0985b0,0.0,0.0
38825453560,setimos_x,"=""17891197284191847""","@r___rts somente bitcoin em auto cust√≥dia. N√£o s√≥ eu fa√ßo isso, mais muitos libert√°rios, √© melhor do guarda em real, e ser sodomizado pela infla√ß√£o.","25/02/2025, 08:44:07",https://www.instagram.com/setimos_x,https://instagram.fxap3-1.fna.fbcdn.net/v/t51.2885-19/487070751_900282722131417_2286166966219881147_n.jpg?stp=dst-jpg_s150x150_tt6&_nc_ht=instagram.fxap3-1.fna.fbcdn.net&_nc_cat=101&_nc_oc=Q6cZ2QFKe5bKh8wwKfrig7AGSgU7IsWrT3SJMVqB_LLGr6eQ7z8AD7Lz7MupQDiHzQNM9tLTOzOGXsiPC90jPyA85N96&_nc_ohc=YGl94hw_3a4Q7kNvwGFkUsQ&_nc_gid=ae1Zdl33hnunHL8Z965qOQ&edm=AI-cjbYBAAAA&ccb=7-5&oh=00_AfLAj9LLUUtnWiqlxp37DYJCxJs9-rCjaAZhS1fZeAjipA&oe=6826D758&_nc_sid=0985b0,0.2,0.30000000000000004
2298672613,victtorarj,"=""18074255794738887""","Tomara que o ladr√£o quite meu empr√©stimo, e pague minha fatura kkkkkk","25/02/2025, 10:19:34",https://www.instagram.com/victtorarj,https://instagram.fxap3-1.fna.fbcdn.net/v/t51.2885-19/495165631_18455581624072614_3806305273316547059_n.jpg?stp=dst-jpg_s150x150_tt6&_nc_ht=instagram.fxap3-1.fna.fbcdn.net&_nc_cat=106&_nc_oc=Q6cZ2QFKe5bKh8wwKfrig7AGSgU7IsWrT3SJMVqB_LLGr6eQ7z8AD7Lz7MupQDiHzQNM9tLTOzOGXsiPC90jPyA85N96&_nc_ohc=oHqDl9Vut2MQ7kNvwHHA3zs&_nc_gid=ae1Zdl33hnunHL8Z965qOQ&edm=AI-cjbYBAAAA&ccb=7-5&oh=00_AfIFvVuPTLFlY-jbYVHfzVMgpUL24WQGSoecmGMp9h0Wvg&oe=6826C252&_nc_sid=0985b0,0.0,0.0
4815693061,eurobson08,"=""18048456350212710""","Eu sei um modo mais eficaz.
Ficar em casa, sem cacha√ßa, sem m√∫sica escrota","25/02/2025, 10:31:28",https://www.instagram.com/eurobson08,https://instagram.fxap3-1.fna.fbcdn.net/v/t51.2885-19/485702775_558972406564298_6915800326304608719_n.jpg?stp=dst-jpg_s150x150_tt6&_nc_ht=instagram.fxap3-1.fna.fbcdn.net&_nc_cat=102&_nc_oc=Q6cZ2QFKe5bKh8wwKfrig7AGSgU7IsWrT3SJMVqB_LLGr6eQ7z8AD7Lz7MupQDiHzQNM9tLTOzOGXsiPC90jPyA85N96&_nc_ohc=T61JzO3qEnsQ7kNvwEJ4nvz&_nc_gid=ae1Zdl33hnunHL8Z965qOQ&edm=AI-cjbYBAAAA&ccb=7-5&oh=00_AfLEcAK4Z8hwIYLgd3uneYrb7Q2u9a36frwPas9nOsnFZQ&oe=6826D4B9&_nc_sid=0985b0,0.0,0.0
33968996738,c_recalcati_1,"=""18045504029338967""",Mesma voz do Rodrigo faro,"25/02/2025, 10:48:27",https://www.instagram.com/c_recalcati_1,https://instagram.fxap3-1.fna.fbcdn.net/v/t51.2885-19/496995397_18060580235132739_2866210898675666049_n.jpg?stp=dst-jpg_s150x150_tt6&_nc_ht=instagram.fxap3-1.fna.fbcdn.net&_nc_cat=103&_nc_oc=Q6cZ2QFKe5bKh8wwKfrig7AGSgU7IsWrT3SJMVqB_LLGr6eQ7z8AD7Lz7MupQDiHzQNM9tLTOzOGXsiPC90jPyA85N96&_nc_ohc=2imwySKMI5oQ7kNvwEq-e1F&_nc_gid=ae1Zdl33hnunHL8Z965qOQ&edm=AI-cjbYBAAAA&ccb=7-5&oh=00_AfJsYM1CaZ5aiPFEE1fXcoEfBF5DIa6CVHTVQphSxvFkkg&oe=6826AD77&_nc_sid=0985b0,0.0,0.0
9460769264,bags3t,"=""17849842347378753""",,"25/02/2025, 12:08:41",https://www.instagram.com/bags3t,https://instagram.fxap3-1.fna.fbcdn.net/v/t51.2885-19/57429764_2232770676800883_5484419378655002624_n.jpg?stp=dst-jpg_s150x150_tt6&_nc_ht=instagram.fxap3-1.fna.fbcdn.net&_nc_cat=103&_nc_oc=Q6cZ2QFKe5bKh8wwKfrig7AGSgU7IsWrT3SJMVqB_LLGr6eQ7z8AD7Lz7MupQDiHzQNM9tLTOzOGXsiPC90jPyA85N96&_nc_ohc=l_wbgNVDzbsQ7kNvwFI-uZ7&_nc_gid=ae1Zdl33hnunHL8Z965qOQ&edm=AI-cjbYBAAAA&ccb=7-5&oh=00_AfKfG2ILjpKWxPkJyfiqK9_emoElqsVy4FuBx274vkASxw&oe=6826B335&_nc_sid=0985b0,0.0,0.0
58209509163,gabriel.20c,"=""18060042886957260""",Parece propaganda de camisinha,"25/02/2025, 12:32:24",https://www.instagram.com/gabriel.20c,https://instagram.fxap3-1.fna.fbcdn.net/v/t51.2885-19/483490856_890935099707167_8814137066249527430_n.jpg?stp=dst-jpg_s150x150_tt6&_nc_ht=instagram.fxap3-1.fna.fbcdn.net&_nc_cat=111&_nc_oc=Q6cZ2QFKe5bKh8wwKfrig7AGSgU7IsWrT3SJMVqB_LLGr6eQ7z8AD7Lz7MupQDiHzQNM9tLTOzOGXsiPC90jPyA85N96&_nc_ohc=Lib6BHAsySMQ7kNvwEw7nhz&_nc_gid=ae1Zdl33hnunHL8Z965qOQ&edm=AI-cjbYBAAAA&ccb=7-5&oh=00_AfJkdzvqpCpxaAMZJLGxWEd_z4uzGRx96eqRleXPTQjcIg&oe=6826A9FF&_nc_sid=0985b0,-0.1,0.1
11113358895,efraim_olivera,"=""18043534898092665""",@_.vbarroso,"25/02/2025, 13:29:01",https://www.instagram.com/efraim_olivera,https://instagram.fxap3-1.fna.fbcdn.net/v/t51.2885-19/489326133_636666769167155_3305760623494914272_n.jpg?stp=dst-jpg_s150x150_tt6&_nc_ht=instagram.fxap3-1.fna.fbcdn.net&_nc_cat=111&_nc_oc=Q6cZ2QFKe5bKh8wwKfrig7AGSgU7IsWrT3SJMVqB_LLGr6eQ7z8AD7Lz7MupQDiHzQNM9tLTOzOGXsiPC90jPyA85N96&_nc_ohc=8a5cs9lYKioQ7kNvwGt8Ue9&_nc_gid=ae1Zdl33hnunHL8Z965qOQ&edm=AI-cjbYBAAAA&ccb=7-5&oh=00_AfIKwJNgyw5bNAUGr6ce6mCA9qH_hj13fAuLrGdBUN5GYg&oe=6826D238&_nc_sid=0985b0,0.0,0.0
316778492,thaismunizz,"=""18022372484439556""",@taislimam_maria muito kkkkk tbm achei,"25/02/2025, 14:43:51",https://www.instagram.com/thaismunizz,https://instagram.fxap3-1.fna.fbcdn.net/v/t51.2885-19/481028087_1819619185453584_937661195339644412_n.jpg?stp=dst-jpg_s150x150_tt6&_nc_ht=instagram.fxap3-1.fna.fbcdn.net&_nc_cat=100&_nc_oc=Q6cZ2QFKe5bKh8wwKfrig7AGSgU7IsWrT3SJMVqB_LLGr6eQ7z8AD7Lz7MupQDiHzQNM9tLTOzOGXsiPC90jPyA85N96&_nc_ohc=1cfTs09M6L4Q7kNvwGMQUCu&_nc_gid=ae1Zdl33hnunHL8Z965qOQ&edm=AI-cjbYBAAAA&ccb=7-5&oh=00_AfK5WD_rR5vGKTsD7bwCkI-G73vkeEXbjMgIuC9h5BiPhQ&oe=6826AA04&_nc_sid=0985b0,0.0,0.0
52658869660,douglas.carlos.39142072,"=""18072728581749042""",Kkkkk,"25/02/2025, 18:42:32",https://www.instagram.com/douglas.carlos.39142072,https://instagram.fxap3-1.fna.fbcdn.net/v/t51.2885-19/456706828_1019055276680679_2221063400073145347_n.jpg?stp=dst-jpg_s150x150_tt6&_nc_ht=instagram.fxap3-1.fna.fbcdn.net&_nc_cat=103&_nc_oc=Q6cZ2QFKe5bKh8wwKfrig7AGSgU7IsWrT3SJMVqB_LLGr6eQ7z8AD7Lz7MupQDiHzQNM9tLTOzOGXsiPC90jPyA85N96&_nc_ohc=DP42nUXlHFcQ7kNvwGJt4-_&_nc_gid=ae1Zdl33hnunHL8Z965qOQ&edm=AI-cjbYBAAAA&ccb=7-5&oh=00_AfI6OzPnyQGv_FtP_zK9Xo7JwyHqLDDs3XkXtHmvodO0PQ&oe=6826D85D&_nc_sid=0985b0,0.0,0.0
48763633582,joazim__7,"=""18070455463831261""","vou proteger de me msm, quando t√¥ bebendo acho q sou rico","25/02/2025, 18:54:00",https://www.instagram.com/joazim__7,https://instagram.fxap3-1.fna.fbcdn.net/v/t51.2885-19/476656994_1407711840208261_5260825558768873439_n.jpg?stp=dst-jpg_s150x150_tt6&_nc_ht=instagram.fxap3-1.fna.fbcdn.net&_nc_cat=101&_nc_oc=Q6cZ2QFKe5bKh8wwKfrig7AGSgU7IsWrT3SJMVqB_LLGr6eQ7z8AD7Lz7MupQDiHzQNM9tLTOzOGXsiPC90jPyA85N96&_nc_ohc=rb17kVY1DyoQ7kNvwGqMCDE&_nc_gid=ae1Zdl33hnunHL8Z965qOQ&edm=AI-cjbYBAAAA&ccb=7-5&oh=00_AfKDvA6gMMlJKK5Qz2SDT8DrLXl7-UBiNyyDispBreKMBg&oe=6826D875&_nc_sid=0985b0,0.0,0.0
3134708375,demairmoraes,"=""18056361434026789""",@gabriel.20c Achei q fosse kakakakk Vai ver foi a inten√ß√£o,"25/02/2025, 19:28:09",https://www.instagram.com/demairmoraes,https://instagram.fxap3-1.fna.fbcdn.net/v/t51.2885-19/335982386_738870164576092_4908384489662827756_n.jpg?stp=dst-jpg_s150x150_tt6&_nc_ht=instagram.fxap3-1.fna.fbcdn.net&_nc_cat=104&_nc_oc=Q6cZ2QFKe5bKh8wwKfrig7AGSgU7IsWrT3SJMVqB_LLGr6eQ7z8AD7Lz7MupQDiHzQNM9tLTOzOGXsiPC90jPyA85N96&_nc_ohc=NMnpNyMQfZ4Q7kNvwHbNGl8&_nc_gid=ae1Zdl33hnunHL8Z965qOQ&edm=AI-cjbYBAAAA&ccb=7-5&oh=00_AfI-uPwOp_lr68Xp3wjudt0Qg3SfnfBwtTx-5gWbkDCRnA&oe=6826D316&_nc_sid=0985b0,0.0,0.0
46122618207,kaiquemano_,"=""17864664849264896""",Eu jurei que era propaganda de camisinha,"25/02/2025, 20:02:49",https://www.instagram.com/kaiquemano_,https://instagram.fxap3-1.fna.fbcdn.net/v/t51.2885-19/495703660_18039973778538208_1309887658394564852_n.jpg?stp=dst-jpg_s150x150_tt6&_nc_ht=instagram.fxap3-1.fna.fbcdn.net&_nc_cat=104&_nc_oc=Q6cZ2QFKe5bKh8wwKfrig7AGSgU7IsWrT3SJMVqB_LLGr6eQ7z8AD7Lz7MupQDiHzQNM9tLTOzOGXsiPC90jPyA85N96&_nc_ohc=a7B3HcRDm7gQ7kNvwHxllfa&_nc_gid=ae1Zdl33hnunHL8Z965qOQ&edm=AI-cjbYBAAAA&ccb=7-5&oh=00_AfJB1M4zHf-aPKJBA8GyLPE6w07t8HxyBtYyEXJXgmKz5g&oe=6826C432&_nc_sid=0985b0,-0.1,0.1
61127210658,ricke_cawe,"=""18050145842470967""",Foi dois kkkk,"25/02/2025, 20:26:50",https://www.instagram.com/ricke_cawe,https://instagram.fxap3-1.fna.fbcdn.net/v/t51.2885-19/489914019_1031465285547502_1690592719106445972_n.jpg?stp=dst-jpg_s150x150_tt6&_nc_ht=instagram.fxap3-1.fna.fbcdn.net&_nc_cat=110&_nc_oc=Q6cZ2QFKe5bKh8wwKfrig7AGSgU7IsWrT3SJMVqB_LLGr6eQ7z8AD7Lz7MupQDiHzQNM9tLTOzOGXsiPC90jPyA85N96&_nc_ohc=Var6SB5vfT8Q7kNvwFdlu_O&_nc_gid=ae1Zdl33hnunHL8Z965qOQ&edm=AI-cjbYBAAAA&ccb=7-5&oh=00_AfLmiBxzlDF_4FhWukgvsieUJPaKAlDlhUebL-Z_HC1Gow&oe=6826DB3C&_nc_sid=0985b0,0.0,0.0
39355056,danifeliz,"=""18156156298346891""",Boa!!,"25/02/2025, 21:43:42",https://www.instagram.com/danifeliz,https://instagram.fxap3-1.fna.fbcdn.net/v/t51.2885-19/497368711_18498644296059057_4878452400613729103_n.jpg?stp=dst-jpg_s150x150_tt6&_nc_ht=instagram.fxap3-1.fna.fbcdn.net&_nc_cat=109&_nc_oc=Q6cZ2QFKe5bKh8wwKfrig7AGSgU7IsWrT3SJMVqB_LLGr6eQ7z8AD7Lz7MupQDiHzQNM9tLTOzOGXsiPC90jPyA85N96&_nc_ohc=BagCNZvyD8oQ7kNvwGzGbiY&_nc_gid=ae1Zdl33hnunHL8Z965qOQ&edm=AI-cjbYBAAAA&ccb=7-5&oh=00_AfK4qt0NUaZyCuN0vlBiv1ORfez5gCrezg_upBqFKEWgNQ&oe=6826A78B&_nc_sid=0985b0,0.0,0.0
18082972540,kerody017,"=""18057921257508065""","Eu depois do 6 corp√£o, me perguntando pq diabos n√£o est√° dando pra fzr o Pix pro ambulante","25/02/2025, 23:15:18",https://www.instagram.com/kerody017,https://instagram.fxap3-1.fna.fbcdn.net/v/t51.2885-19/491463547_693758626717059_4064503578928640119_n.jpg?stp=dst-jpg_s150x150_tt6&_nc_ht=instagram.fxap3-1.fna.fbcdn.net&_nc_cat=103&_nc_oc=Q6cZ2QFKe5bKh8wwKfrig7AGSgU7IsWrT3SJMVqB_LLGr6eQ7z8AD7Lz7MupQDiHzQNM9tLTOzOGXsiPC90jPyA85N96&_nc_ohc=sDjoKEp8OUQQ7kNvwF3lP3y&_nc_gid=ae1Zdl33hnunHL8Z965qOQ&edm=AI-cjbYBAAAA&ccb=7-5&oh=00_AfLhUhh7WYxODGPkLl-wZFlbmhx0dh5b_kciTP5XV1iVkQ&oe=6826C2EC&_nc_sid=0985b0,0.0,0.0
1495428601,nubank,"=""17878855398163450""","@kerody017, ficamos preocupados com o seu relato. Poderia, por gentileza, entrar em contato conosco por meio de nossa central de atendimento, para verificarmos essa quest√£o e lhe auxiliarmos assertivamente. Nossos telefones s√£o:

- 4020 0185 (capitais e regi√µes metropolitanas); 

- 0800 591 2117 (demais localidades).","25/02/2025, 23:41:53",https://www.instagram.com/nubank,https://instagram.fxap3-1.fna.fbcdn.net/v/t51.2885-19/324089383_1107918419880288_2067674984575890345_n.jpg?stp=dst-jpg_s150x150_tt6&_nc_ht=instagram.fxap3-1.fna.fbcdn.net&_nc_cat=100&_nc_oc=Q6cZ2QFKe5bKh8wwKfrig7AGSgU7IsWrT3SJMVqB_LLGr6eQ7z8AD7Lz7MupQDiHzQNM9tLTOzOGXsiPC90jPyA85N96&_nc_ohc=IBej-yk-jgUQ7kNvwEvX6k9&_nc_gid=ae1Zdl33hnunHL8Z965qOQ&edm=AI-cjbYBAAAA&ccb=7-5&oh=00_AfL1O1kgPhRFhRJ5z-XxHAqDigpycKDVJPl_HeTO209XBg&oe=6826B87A&_nc_sid=0985b0,0.0,0.25
220571516,lulufgs,"=""18061232257805184""",v√©i,"26/02/2025, 00:06:50",https://www.instagram.com/lulufgs,https://instagram.fxap3-1.fna.fbcdn.net/v/t51.2885-19/479696352_9180278868708215_1136931401384113306_n.jpg?stp=dst-jpg_s150x150_tt6&_nc_ht=instagram.fxap3-1.fna.fbcdn.net&_nc_cat=111&_nc_oc=Q6cZ2QFKe5bKh8wwKfrig7AGSgU7IsWrT3SJMVqB_LLGr6eQ7z8AD7Lz7MupQDiHzQNM9tLTOzOGXsiPC90jPyA85N96&_nc_ohc=ZsJ6Sl5VWIMQ7kNvwG61rk_&_nc_gid=ae1Zdl33hnunHL8Z965qOQ&edm=AI-cjbYBAAAA&ccb=7-5&oh=00_AfJmRzxAKvG_6CVqx4TTi678anI-ATpXdoGAjf9vgI7meg&oe=6826A6CF&_nc_sid=0985b0,0.0,0.0
33733275390,taylor.minadakis,"=""18107194108427520""",@ricke_cawe tr√™s kkkkkkk,"26/02/2025, 00:30:30",https://www.instagram.com/taylor.minadakis,https://instagram.fxap3-1.fna.fbcdn.net/v/t51.2885-19/481334329_1547976995884425_7883666166506798551_n.jpg?stp=dst-jpg_s150x150_tt6&_nc_ht=instagram.fxap3-1.fna.fbcdn.net&_nc_cat=109&_nc_oc=Q6cZ2QFKe5bKh8wwKfrig7AGSgU7IsWrT3SJMVqB_LLGr6eQ7z8AD7Lz7MupQDiHzQNM9tLTOzOGXsiPC90jPyA85N96&_nc_ohc=8GRuMgBU5LIQ7kNvwGsR8x2&_nc_gid=ae1Zdl33hnunHL8Z965qOQ&edm=AI-cjbYBAAAA&ccb=7-5&oh=00_AfJMDksyGMHz_vPlL_xyowfa6gSN06jZtTUnL9WRaDTcoQ&oe=6826D968&_nc_sid=0985b0,0.0,0.0
5451713448,spinola8941,"=""18026252840356306""",Protegido sem o celular kkkkkk,"26/02/2025, 01:36:54",https://www.instagram.com/spinola8941,https://instagram.fxap3-1.fna.fbcdn.net/v/t51.2885-19/461823250_2128036797591946_5910644020151893720_n.jpg?stp=dst-jpg_s150x150_tt6&_nc_ht=instagram.fxap3-1.fna.fbcdn.net&_nc_cat=110&_nc_oc=Q6cZ2QFKe5bKh8wwKfrig7AGSgU7IsWrT3SJMVqB_LLGr6eQ7z8AD7Lz7MupQDiHzQNM9tLTOzOGXsiPC90jPyA85N96&_nc_ohc=Nhr-h8a4DysQ7kNvwHkSPMB&_nc_gid=ae1Zdl33hnunHL8Z965qOQ&edm=AI-cjbYBAAAA&ccb=7-5&oh=00_AfIMb2zDUP_zDjCf6GEpSEOhwbxoqMGmgNDWLrziqnaTNQ&oe=6826ACC2&_nc_sid=0985b0,0.0,0.0
47286300501,michel.ferreira.3304,"=""17878108980261204""",De inferno j√° basta meu trabalho que se foda o Carnaval,"26/02/2025, 06:19:23",https://www.instagram.com/michel.ferreira.3304,https://instagram.fxap3-1.fna.fbcdn.net/v/t51.2885-19/491448959_18047974838580502_407601844733777333_n.jpg?stp=dst-jpg_s150x150_tt6&_nc_ht=instagram.fxap3-1.fna.fbcdn.net&_nc_cat=110&_nc_oc=Q6cZ2QFKe5bKh8wwKfrig7AGSgU7IsWrT3SJMVqB_LLGr6eQ7z8AD7Lz7MupQDiHzQNM9tLTOzOGXsiPC90jPyA85N96&_nc_ohc=9d8zFraScs0Q7kNvwFY7wvd&_nc_gid=ae1Zdl33hnunHL8Z965qOQ&edm=AI-cjbYBAAAA&ccb=7-5&oh=00_AfJg7PkZ4A1IPR3kJ9pq_Rc96hyMwaipLwDZ8OSbzKbBdA&oe=6826BC59&_nc_sid=0985b0,0.0,0.0
10569543225,oandre_benetti,"=""18058809452054331""","N√£o frequentar, e quando encontrar algu√©m, camisinha. Isso sim √© deitar em paz","23/02/2025, 10:21:04",https://www.instagram.com/oandre_benetti,https://instagram.fxap3-1.fna.fbcdn.net/v/t51.2885-19/431483370_1415380266082615_3616423182624383843_n.jpg?stp=dst-jpg_s150x150_tt6&_nc_ht=instagram.fxap3-1.fna.fbcdn.net&_nc_cat=107&_nc_oc=Q6cZ2QHNBMm7CX4slV0aupteAJH3auK-tqR4S5v0GrIncyEwOVYl8oZyw0FpHj2FuH-bwNKfkcf01BBOP-JsFtigeSLY&_nc_ohc=6EDMi3nYdr4Q7kNvwEyI0e7&_nc_gid=tpjWOz4vvFp4Xxk3mYOVpA&edm=AI-cjbYBAAAA&ccb=7-5&oh=00_AfLuk8s4E6cKgisD0RhQOMHJHsAzQvWIi2lPf4zByhH-vA&oe=6826B28E&_nc_sid=0985b0,0.0,0.0
61851327679,maricelia999pup,"=""18285848260217881""",Estou cm minha conta bloqueada se at√© semana q vem Elis n√£o resolverem vou antes cm um processo,"23/02/2025, 14:08:06",https://www.instagram.com/maricelia999pup,https://instagram.fxap3-1.fna.fbcdn.net/v/t51.2885-19/491463457_17924428812063680_8215382290511201345_n.jpg?stp=dst-jpg_s150x150_tt6&_nc_ht=instagram.fxap3-1.fna.fbcdn.net&_nc_cat=108&_nc_oc=Q6cZ2QHNBMm7CX4slV0aupteAJH3auK-tqR4S5v0GrIncyEwOVYl8oZyw0FpHj2FuH-bwNKfkcf01BBOP-JsFtigeSLY&_nc_ohc=BC3hk7HSpJgQ7kNvwHqCllC&_nc_gid=tpjWOz4vvFp4Xxk3mYOVpA&edm=AI-cjbYBAAAA&ccb=7-5&oh=00_AfIP9uivsnd-_gI08Xr52LhxEXJrkD_1KahiwkoRDuUiyQ&oe=6826CF65&_nc_sid=0985b0,0.0,0.0
61851327679,maricelia999pup,"=""18058005440062324""",Se Elis n√£o resolverem meu problema at√© semana q vem irei entrar cm um processo denizacao contra eles,"23/02/2025, 14:09:50",https://www.instagram.com/maricelia999pup,https://instagram.fxap3-1.fna.fbcdn.net/v/t51.2885-19/491463457_17924428812063680_8215382290511201345_n.jpg?stp=dst-jpg_s150x150_tt6&_nc_ht=instagram.fxap3-1.fna.fbcdn.net&_nc_cat=108&_nc_oc=Q6cZ2QHNBMm7CX4slV0aupteAJH3auK-tqR4S5v0GrIncyEwOVYl8oZyw0FpHj2FuH-bwNKfkcf01BBOP-JsFtigeSLY&_nc_ohc=BC3hk7HSpJgQ7kNvwHqCllC&_nc_gid=tpjWOz4vvFp4Xxk3mYOVpA&edm=AI-cjbYBAAAA&ccb=7-5&oh=00_AfIP9uivsnd-_gI08Xr52LhxEXJrkD_1KahiwkoRDuUiyQ&oe=6826CF65&_nc_sid=0985b0,0.0,0.0
26346399720,ryansantosm10,"=""18293964520169725""",Nice try diddy,"23/02/2025, 14:11:08",https://www.instagram.com/ryansantosm10,https://instagram.fxap3-1.fna.fbcdn.net/v/t51.2885-19/489695878_1215151273462670_4043584677017600993_n.jpg?stp=dst-jpg_s150x150_tt6&_nc_ht=instagram.fxap3-1.fna.fbcdn.net&_nc_cat=102&_nc_oc=Q6cZ2QHNBMm7CX4slV0aupteAJH3auK-tqR4S5v0GrIncyEwOVYl8oZyw0FpHj2FuH-bwNKfkcf01BBOP-JsFtigeSLY&_nc_ohc=LOTTCZF1u48Q7kNvwEOOB-Q&_nc_gid=tpjWOz4vvFp4Xxk3mYOVpA&edm=AI-cjbYBAAAA&ccb=7-5&oh=00_AfJw8pHQEnhdhwyvf3zqu77uzKWFkKV-Y9kkv3p6vW3cSA&oe=6826BEAD&_nc_sid=0985b0,0.6,1.0
774438616,eiemilych,"=""17995567652764691""",@rafael_ghidelli devo 4 e t√£o me cobrando 48 kkkkkk e √© com 3 zeros,"23/02/2025, 16:27:36",https://www.instagram.com/eiemilych,https://instagram.fxap3-1.fna.fbcdn.net/v/t51.2885-19/464460918_1613723749572737_5956736881164647589_n.jpg?stp=dst-jpg_s150x150_tt6&_nc_ht=instagram.fxap3-1.fna.fbcdn.net&_nc_cat=105&_nc_oc=Q6cZ2QHNBMm7CX4slV0aupteAJH3auK-tqR4S5v0GrIncyEwOVYl8oZyw0FpHj2FuH-bwNKfkcf01BBOP-JsFtigeSLY&_nc_ohc=la63hyohhiwQ7kNvwEsbbuv&_nc_gid=tpjWOz4vvFp4Xxk3mYOVpA&edm=AI-cjbYBAAAA&ccb=7-5&oh=00_AfIPvRaQmGmUKbLEun8vG3W0K2eRnHx69swJUlI35oMJIw&oe=6826D4C5&_nc_sid=0985b0,0.0,0.0
962594578,aniellefeldmann,"=""18027527939339447""","Meu deus, tu t√° a cara do Pablo Mar√ßal ü§¶üèª‚Äç‚ôÄÔ∏è","23/02/2025, 17:46:42",https://www.instagram.com/aniellefeldmann,https://instagram.fxap3-1.fna.fbcdn.net/v/t51.2885-19/472840840_869486238456632_1960107181905993569_n.jpg?stp=dst-jpg_s150x150_tt6&_nc_ht=instagram.fxap3-1.fna.fbcdn.net&_nc_cat=108&_nc_oc=Q6cZ2QHNBMm7CX4slV0aupteAJH3auK-tqR4S5v0GrIncyEwOVYl8oZyw0FpHj2FuH-bwNKfkcf01BBOP-JsFtigeSLY&_nc_ohc=84EuT7QCA1IQ7kNvwFBU9-W&_nc_gid=tpjWOz4vvFp4Xxk3mYOVpA&edm=AI-cjbYBAAAA&ccb=7-5&oh=00_AfIUYwSBpMxYwGVAiSPgax25THqx_jmo06hPITgln-7Bkg&oe=6826B032&_nc_sid=0985b0,0.0,0.0
328437448,santosilma135,"=""18272524711250864""",@rayssa._.alvees üòÇüòÇüòÇüòÇüòÇ,"23/02/2025, 20:28:55",https://www.instagram.com/santosilma135,https://instagram.fxap3-1.fna.fbcdn.net/v/t51.2885-19/470467312_411940435331821_7729821173126174376_n.jpg?stp=dst-jpg_s150x150_tt6&_nc_ht=instagram.fxap3-1.fna.fbcdn.net&_nc_cat=101&_nc_oc=Q6cZ2QHNBMm7CX4slV0aupteAJH3auK-tqR4S5v0GrIncyEwOVYl8oZyw0FpHj2FuH-bwNKfkcf01BBOP-JsFtigeSLY&_nc_ohc=VMT-XTwwMSQQ7kNvwG4D5DU&_nc_gid=tpjWOz4vvFp4Xxk3mYOVpA&edm=AI-cjbYBAAAA&ccb=7-5&oh=00_AfLSlgr_EbO4org1EqEdQASNtc53o4hLgFULWtVGcdUShA&oe=6826B177&_nc_sid=0985b0,0.0,0.0
3005899404,michaa_013,"=""18127299088408360""",O melhor banco üíúüíúüíúüíú,"23/02/2025, 21:59:59",https://www.instagram.com/michaa_013,https://instagram.fxap3-1.fna.fbcdn.net/v/t51.2885-19/482513020_1358437485167464_1870051792526716962_n.jpg?stp=dst-jpg_s150x150_tt6&_nc_ht=instagram.fxap3-1.fna.fbcdn.net&_nc_cat=104&_nc_oc=Q6cZ2QHNBMm7CX4slV0aupteAJH3auK-tqR4S5v0GrIncyEwOVYl8oZyw0FpHj2FuH-bwNKfkcf01BBOP-JsFtigeSLY&_nc_ohc=8VecU59WzXIQ7kNvwHC1UjS&_nc_gid=tpjWOz4vvFp4Xxk3mYOVpA&edm=AI-cjbYBAAAA&ccb=7-5&oh=00_AfLlXQf8Lr2pNThd15prz53qJw2LDqYGqy4hhubFeayxQg&oe=6826BDB1&_nc_sid=0985b0,0.0,0.0
1355135856,peedromart,"=""18059366198006355""",@wellnby_2005 se o nubank te seguisse no insta n√£o te emprestaria nem 1 real.,"23/02/2025, 22:05:29",https://www.instagram.com/peedromart,https://instagram.fxap3-1.fna.fbcdn.net/v/t51.2885-19/466688955_1072651284138963_3216520043402707239_n.jpg?stp=dst-jpg_s150x150_tt6&_nc_ht=instagram.fxap3-1.fna.fbcdn.net&_nc_cat=103&_nc_oc=Q6cZ2QHNBMm7CX4slV0aupteAJH3auK-tqR4S5v0GrIncyEwOVYl8oZyw0FpHj2FuH-bwNKfkcf01BBOP-JsFtigeSLY&_nc_ohc=OdMrpMB5m0YQ7kNvwGTJ1N5&_nc_gid=tpjWOz4vvFp4Xxk3mYOVpA&edm=AI-cjbYBAAAA&ccb=7-5&oh=00_AfI1vyYud_Xg0prlb1BKcoC_-2XSduHwnjLgYlxNXpZHsg&oe=6826D38C&_nc_sid=0985b0,0.2,0.30000000000000004
14507664306,wellnby_2005,"=""18054178001144200""",Recomendo que os bancos n√£o me permitam abrir contas neles üòò,"23/02/2025, 22:06:35",https://www.instagram.com/wellnby_2005,https://instagram.fxap3-1.fna.fbcdn.net/v/t51.2885-19/456570390_1031769461877826_7721880974615326308_n.jpg?stp=dst-jpg_s150x150_tt6&_nc_ht=instagram.fxap3-1.fna.fbcdn.net&_nc_cat=110&_nc_oc=Q6cZ2QHNBMm7CX4slV0aupteAJH3auK-tqR4S5v0GrIncyEwOVYl8oZyw0FpHj2FuH-bwNKfkcf01BBOP-JsFtigeSLY&_nc_ohc=AQz-aZThJAoQ7kNvwEr4xYX&_nc_gid=tpjWOz4vvFp4Xxk3mYOVpA&edm=AI-cjbYBAAAA&ccb=7-5&oh=00_AfLj00t80Urx8HjL8T7fb8cv-3tAFAtT0npPZZjcD6Boxw&oe=6826DBA5&_nc_sid=0985b0,0.0,0.0
1441572265,cantorcleytonlima,"=""18051821342516942""","Vou Sair fora. Pq o governo est√° querendo impor um monte de regras ao Nubank, at√© troca de nome. App muito bom, por√©m, perigo da gente perder nosso dinheiro.","23/02/2025, 23:26:08",https://www.instagram.com/cantorcleytonlima,https://instagram.fxap3-1.fna.fbcdn.net/v/t51.2885-19/460934726_1731432841015866_1029993688609142516_n.jpg?stp=dst-jpg_s150x150_tt6&_nc_ht=instagram.fxap3-1.fna.fbcdn.net&_nc_cat=106&_nc_oc=Q6cZ2QHNBMm7CX4slV0aupteAJH3auK-tqR4S5v0GrIncyEwOVYl8oZyw0FpHj2FuH-bwNKfkcf01BBOP-JsFtigeSLY&_nc_ohc=twF59mc0E6kQ7kNvwGML3g5&_nc_gid=tpjWOz4vvFp4Xxk3mYOVpA&edm=AI-cjbYBAAAA&ccb=7-5&oh=00_AfI7-guxf0CLLAOp94UCmKA0eW-gg8ny8DgEFXQqZbeHNQ&oe=6826D6EB&_nc_sid=0985b0,0.0,0.0
70874926373,andressa_._ferreira25,"=""18259127746263121""",Amo o nubank üíú,"23/02/2025, 23:33:01",https://www.instagram.com/andressa_._ferreira25,https://instagram.fxap3-1.fna.fbcdn.net/v/t51.2885-19/475266178_4854934168066003_5427228370156570094_n.jpg?stp=dst-jpg_s150x150_tt6&_nc_ht=instagram.fxap3-1.fna.fbcdn.net&_nc_cat=107&_nc_oc=Q6cZ2QHNBMm7CX4slV0aupteAJH3auK-tqR4S5v0GrIncyEwOVYl8oZyw0FpHj2FuH-bwNKfkcf01BBOP-JsFtigeSLY&_nc_ohc=vKWwgpazYb0Q7kNvwFP0137&_nc_gid=tpjWOz4vvFp4Xxk3mYOVpA&edm=AI-cjbYBAAAA&ccb=7-5&oh=00_AfIRx6XfnJe1uVcujQARBPSnv8x8UTD_RWWz2h4PD8vTtQ&oe=6826D12F&_nc_sid=0985b0,0.0,0.0
60047820026,jaquelinemartins.jaquedl,"=""18089202640610886""",J√° mostrando que a nubank n√£o √© mais segura tendo que ativar o modo rua a empresa devia cumprir com o que fala pq mesmo n√£o estando na rua j√° houve roubo em minha fam√≠lia acho que a seguran√ßa devia ser maior,"24/02/2025, 00:40:20",https://www.instagram.com/jaquelinemartins.jaquedl,https://instagram.fxap3-1.fna.fbcdn.net/v/t51.2885-19/469100138_1290980928988071_3014824604183427594_n.jpg?stp=dst-jpg_s150x150_tt6&_nc_ht=instagram.fxap3-1.fna.fbcdn.net&_nc_cat=103&_nc_oc=Q6cZ2QHNBMm7CX4slV0aupteAJH3auK-tqR4S5v0GrIncyEwOVYl8oZyw0FpHj2FuH-bwNKfkcf01BBOP-JsFtigeSLY&_nc_ohc=uxTozTGCqQkQ7kNvwEQslJy&_nc_gid=tpjWOz4vvFp4Xxk3mYOVpA&edm=AI-cjbYBAAAA&ccb=7-5&oh=00_AfKZ0705IV5I5ZhEZBlpWUcF5UJZpbtmTlMdE7w96hFNFw&oe=6826A910&_nc_sid=0985b0,0.0,0.0
1573211604,serket.f,"=""18267981607281477""",Interessante,"24/02/2025, 02:23:13",https://www.instagram.com/serket.f,https://instagram.fxap3-1.fna.fbcdn.net/v/t51.2885-19/470307281_1700233364152609_4139482814702468229_n.jpg?stp=dst-jpg_s150x150_tt6&_nc_ht=instagram.fxap3-1.fna.fbcdn.net&_nc_cat=101&_nc_oc=Q6cZ2QHNBMm7CX4slV0aupteAJH3auK-tqR4S5v0GrIncyEwOVYl8oZyw0FpHj2FuH-bwNKfkcf01BBOP-JsFtigeSLY&_nc_ohc=jCejHUv6U8YQ7kNvwHc5DEg&_nc_gid=tpjWOz4vvFp4Xxk3mYOVpA&edm=AI-cjbYBAAAA&ccb=7-5&oh=00_AfI4NNKWk2DcAjGEfPOQqKLAbKydl5ys7zB3XS1YlzZHfA&oe=6826BC59&_nc_sid=0985b0,0.0,0.0
31638952,brunorpires,"=""18111416887413098""",Que linha de √¥nibus diferente,"24/02/2025, 06:06:48",https://www.instagram.com/brunorpires,https://instagram.fxap3-1.fna.fbcdn.net/v/t51.2885-19/368163074_317199494009300_8270670754153220371_n.jpg?stp=dst-jpg_s150x150_tt6&_nc_ht=instagram.fxap3-1.fna.fbcdn.net&_nc_cat=108&_nc_oc=Q6cZ2QHNBMm7CX4slV0aupteAJH3auK-tqR4S5v0GrIncyEwOVYl8oZyw0FpHj2FuH-bwNKfkcf01BBOP-JsFtigeSLY&_nc_ohc=8-SxY9-gckMQ7kNvwFTOE4T&_nc_gid=tpjWOz4vvFp4Xxk3mYOVpA&edm=AI-cjbYBAAAA&ccb=7-5&oh=00_AfLYZTPOU3a13X_W7LaHMJNsz4JgHb-8mu7cj1_D7dBSqA&oe=6826CE44&_nc_sid=0985b0,0.0,0.0
5538669876,rickassis_,"=""18038140916417589""","Colgate total 12 , 12 horas de prote√ß√£o üòéüëçüèª","24/02/2025, 06:48:11",https://www.instagram.com/rickassis_,https://instagram.fxap3-1.fna.fbcdn.net/v/t51.2885-19/491441405_1215519126776055_7452003057337581391_n.jpg?stp=dst-jpg_s150x150_tt6&_nc_ht=instagram.fxap3-1.fna.fbcdn.net&_nc_cat=103&_nc_oc=Q6cZ2QHNBMm7CX4slV0aupteAJH3auK-tqR4S5v0GrIncyEwOVYl8oZyw0FpHj2FuH-bwNKfkcf01BBOP-JsFtigeSLY&_nc_ohc=VCjOxXMRAPIQ7kNvwH9Fhwv&_nc_gid=tpjWOz4vvFp4Xxk3mYOVpA&edm=AI-cjbYBAAAA&ccb=7-5&oh=00_AfJrhYOGIxEjHK2DgeUPHoNUYplqnoQa9ABp_1tppFm76Q&oe=6826AF12&_nc_sid=0985b0,0.0,0.75
2044195833,elissonrpx,"=""18058948210989099""","@brunorpires mo√ßo, pergunta real: c t√° ligado que ele n√£o t√° falando de linha de √¥nibus?","24/02/2025, 07:16:42",https://www.instagram.com/elissonrpx,https://instagram.fxap3-1.fna.fbcdn.net/v/t51.2885-19/410167241_836722288201894_1238985563862856802_n.jpg?stp=dst-jpg_s150x150_tt6&_nc_ht=instagram.fxap3-1.fna.fbcdn.net&_nc_cat=110&_nc_oc=Q6cZ2QHNBMm7CX4slV0aupteAJH3auK-tqR4S5v0GrIncyEwOVYl8oZyw0FpHj2FuH-bwNKfkcf01BBOP-JsFtigeSLY&_nc_ohc=zYk3wCQwtu0Q7kNvwEByMDG&_nc_gid=tpjWOz4vvFp4Xxk3mYOVpA&edm=AI-cjbYBAAAA&ccb=7-5&oh=00_AfKK3H3ZiQqpAEnHoZGG75c6w5ygxzU06xYKW_74Te82Aw&oe=6826C885&_nc_sid=0985b0,-0.275,0.65
31638952,brunorpires,"=""18060257311967221""","Sei, mas esses n√∫meros a√≠ t√° igual liga de √¥nibus ü§£ü§£ü§£","24/02/2025, 07:52:54",https://www.instagram.com/brunorpires,https://instagram.fxap3-1.fna.fbcdn.net/v/t51.2885-19/368163074_317199494009300_8270670754153220371_n.jpg?stp=dst-jpg_s150x150_tt6&_nc_ht=instagram.fxap3-1.fna.fbcdn.net&_nc_cat=108&_nc_oc=Q6cZ2QHNBMm7CX4slV0aupteAJH3auK-tqR4S5v0GrIncyEwOVYl8oZyw0FpHj2FuH-bwNKfkcf01BBOP-JsFtigeSLY&_nc_ohc=8-SxY9-gckMQ7kNvwFTOE4T&_nc_gid=tpjWOz4vvFp4Xxk3mYOVpA&edm=AI-cjbYBAAAA&ccb=7-5&oh=00_AfLYZTPOU3a13X_W7LaHMJNsz4JgHb-8mu7cj1_D7dBSqA&oe=6826CE44&_nc_sid=0985b0,0.0,0.0
1495428601,nubank,"=""18052150790328675""","@camilaah_alvees Ap√≥s ser aprovado, veja como acompanhar a entrega do seu roxinho pelo app. Clique no link a seguir e verifique todas as informa√ß√µes: blog.nubank.com.br/como-rastrear-o-cartao-nubank/","24/02/2025, 08:12:31",https://www.instagram.com/nubank,https://instagram.fxap3-1.fna.fbcdn.net/v/t51.2885-19/324089383_1107918419880288_2067674984575890345_n.jpg?stp=dst-jpg_s150x150_tt6&_nc_ht=instagram.fxap3-1.fna.fbcdn.net&_nc_cat=100&_nc_oc=Q6cZ2QHNBMm7CX4slV0aupteAJH3auK-tqR4S5v0GrIncyEwOVYl8oZyw0FpHj2FuH-bwNKfkcf01BBOP-JsFtigeSLY&_nc_ohc=IBej-yk-jgUQ7kNvwEvX6k9&_nc_gid=tpjWOz4vvFp4Xxk3mYOVpA&edm=AI-cjbYBAAAA&ccb=7-5&oh=00_AfLR0DdhKuCjdJIjfVYpp7qsJn9Mu_yueHA_lHvr0VS8Kw&oe=6826B87A&_nc_sid=0985b0,0.0,0.0
478079543,dignissima.susan,"=""18076662904710268""","@camilaah_alvees melhor pedir pelo suporte, pedindo pelo aplicativo as vezes d√° errado e n√£o esquece de atualizar o endere√ßo üòÖ","24/02/2025, 08:54:55",https://www.instagram.com/dignissima.susan,https://instagram.fxap3-1.fna.fbcdn.net/v/t51.2885-19/329313183_506573111628593_547432576840649058_n.jpg?stp=dst-jpg_s150x150_tt6&_nc_ht=instagram.fxap3-1.fna.fbcdn.net&_nc_cat=105&_nc_oc=Q6cZ2QHNBMm7CX4slV0aupteAJH3auK-tqR4S5v0GrIncyEwOVYl8oZyw0FpHj2FuH-bwNKfkcf01BBOP-JsFtigeSLY&_nc_ohc=uz4RuzQwyG8Q7kNvwHANnLA&_nc_gid=tpjWOz4vvFp4Xxk3mYOVpA&edm=AI-cjbYBAAAA&ccb=7-5&oh=00_AfI2CeY7wfELie7JoEkXn8eZ5rsQCDMqoBiuqbU3LxcvWA&oe=6826BAB5&_nc_sid=0985b0,0.0,0.0
1951857352,pablogirard_23,"=""18482512390051841""","Que shoooow. Gusta, tu tens que postar o making of dessa cena","24/02/2025, 09:55:48",https://www.instagram.com/pablogirard_23,https://instagram.fxap3-1.fna.fbcdn.net/v/t51.2885-19/23421946_366751440429535_2744421215232851968_n.jpg?stp=dst-jpg_s150x150_tt6&_nc_ht=instagram.fxap3-1.fna.fbcdn.net&_nc_cat=107&_nc_oc=Q6cZ2QHNBMm7CX4slV0aupteAJH3auK-tqR4S5v0GrIncyEwOVYl8oZyw0FpHj2FuH-bwNKfkcf01BBOP-JsFtigeSLY&_nc_ohc=EtvQkxZicTAQ7kNvwFDMGoz&_nc_gid=tpjWOz4vvFp4Xxk3mYOVpA&edm=AI-cjbYBAAAA&ccb=7-5&oh=00_AfJg2eX5vK0tucjoOv9vYaLAdSqIqPkEDYwfodP4HPtddA&oe=6826C974&_nc_sid=0985b0,0.0,0.0
60995732082,souzx.088,"=""17987323421790673""",S√≥ eu que pensei outra coisa??üòÇ,"24/02/2025, 11:08:07",https://www.instagram.com/souzx.088,https://instagram.fxap3-1.fna.fbcdn.net/v/t51.2885-19/491445473_1633506137154482_2172537363938700336_n.jpg?stp=dst-jpg_s150x150_tt6&_nc_ht=instagram.fxap3-1.fna.fbcdn.net&_nc_cat=102&_nc_oc=Q6cZ2QHNBMm7CX4slV0aupteAJH3auK-tqR4S5v0GrIncyEwOVYl8oZyw0FpHj2FuH-bwNKfkcf01BBOP-JsFtigeSLY&_nc_ohc=vEGY_rg-JakQ7kNvwGM6NNY&_nc_gid=tpjWOz4vvFp4Xxk3mYOVpA&edm=AI-cjbYBAAAA&ccb=7-5&oh=00_AfLX47CceM1Kgv41gfK-ZFBclTWdYskBsngxQadU6QeTrQ&oe=6826B460&_nc_sid=0985b0,0.0,0.0
38825453560,setimos_x,"=""18491293456022436""","Prote√ß√£o √© 99,9% do meu patrim√¥nio, na Block Chain","24/02/2025, 14:08:14",https://www.instagram.com/setimos_x,https://instagram.fxap3-1.fna.fbcdn.net/v/t51.2885-19/487070751_900282722131417_2286166966219881147_n.jpg?stp=dst-jpg_s150x150_tt6&_nc_ht=instagram.fxap3-1.fna.fbcdn.net&_nc_cat=101&_nc_oc=Q6cZ2QHNBMm7CX4slV0aupteAJH3auK-tqR4S5v0GrIncyEwOVYl8oZyw0FpHj2FuH-bwNKfkcf01BBOP-JsFtigeSLY&_nc_ohc=YGl94hw_3a4Q7kNvwGFkUsQ&_nc_gid=tpjWOz4vvFp4Xxk3mYOVpA&edm=AI-cjbYBAAAA&ccb=7-5&oh=00_AfLfA4HsqDY6kcZx7JRBIksHfdqpuEu-Q0_BYpkBgQecBg&oe=6826D758&_nc_sid=0985b0,0.0,0.0
3009393618,ms.farias1980,"=""17890934979190016""",√â s√≥ n√£o ir pro Carnaval ... Duvido voc√™ gastar sem esta l√° ...,"24/02/2025, 14:10:11",https://www.instagram.com/ms.farias1980,https://instagram.fxap3-1.fna.fbcdn.net/v/t51.2885-19/277693637_368262908495102_713191147962327111_n.jpg?stp=dst-jpg_s150x150_tt6&_nc_ht=instagram.fxap3-1.fna.fbcdn.net&_nc_cat=102&_nc_oc=Q6cZ2QHNBMm7CX4slV0aupteAJH3auK-tqR4S5v0GrIncyEwOVYl8oZyw0FpHj2FuH-bwNKfkcf01BBOP-JsFtigeSLY&_nc_ohc=GofeEaob3o8Q7kNvwEpG7f6&_nc_gid=tpjWOz4vvFp4Xxk3mYOVpA&edm=AI-cjbYBAAAA&ccb=7-5&oh=00_AfIU5mx2m6bFLPZ-yvn0ULSeW6plPiPemohdwiVXDh53tw&oe=6826BE72&_nc_sid=0985b0,0.0,0.0
49413594290,waldir182,"=""18069629740847117""",@souzx.088 sim,"24/02/2025, 15:11:00",https://www.instagram.com/waldir182,https://instagram.fxap3-1.fna.fbcdn.net/v/t51.2885-19/476239450_1614251039965101_2583260413897589783_n.jpg?stp=dst-jpg_s150x150_tt6&_nc_ht=instagram.fxap3-1.fna.fbcdn.net&_nc_cat=109&_nc_oc=Q6cZ2QHNBMm7CX4slV0aupteAJH3auK-tqR4S5v0GrIncyEwOVYl8oZyw0FpHj2FuH-bwNKfkcf01BBOP-JsFtigeSLY&_nc_ohc=mMJ9dU_pfIgQ7kNvwFy-SPS&_nc_gid=tpjWOz4vvFp4Xxk3mYOVpA&edm=AI-cjbYBAAAA&ccb=7-5&oh=00_AfKQCFb26eteLCAtES1yNJfhFU9-fC8p9sRo95LfMmpu5Q&oe=6826C424&_nc_sid=0985b0,0.0,0.0
69784368442,dr_alx._,"=""18490652194044144""",Daria um √≥timo comercial de camisinha,"24/02/2025, 15:21:54",https://www.instagram.com/dr_alx._,https://instagram.fsdu15-1.fna.fbcdn.net/v/t51.2885-19/464760996_1254146839119862_3605321457742435801_n.png?stp=dst-jpg_e0_s150x150_tt6&cb=8577c754-c2464923&_nc_ht=instagram.fsdu15-1.fna.fbcdn.net&_nc_cat=1&_nc_oc=Q6cZ2QHc5IUkS7OXAYE3XgUvnJFqMyc9NefrW-fKGBMWUQ2Nyl5DRfG8TcKNvF9O_D4NjxBn5FPIvNYTcQ_lTMB7NI-g&_nc_ohc=25ifEN2CwYQQ7kNvwEZSpuf&_nc_gid=5DIeImnWeqMHvEqPN8XYnA&edm=AJ9x6zYBAAAA&ccb=7-5&ig_cache_key=YW5vbnltb3VzX3Byb2ZpbGVfcGlj.3-ccb7-5-cb8577c754-c2464923&oh=00_AfK6kPnS6-y3g_TbxM4ei44ynqQDxSj0I96m3Xt3sgcWCw&oe=6826AB68&_nc_sid=65462d,0.0,0.0
46571567834,vileciotavaresalbuquerque,"=""17914026534073331""","Al√¥ @nubank baixem os juros do cr√©dito para empr√©stimos, voc√™s conseguir√£o muito mais clientes e com certeza conseguem ajudar um n√∫mero grande de pessoas","24/02/2025, 17:46:28",https://www.instagram.com/vileciotavaresalbuquerque,https://instagram.fxap3-1.fna.fbcdn.net/v/t51.2885-19/351451849_609069741182196_3780259878930145474_n.jpg?stp=dst-jpg_s150x150_tt6&_nc_ht=instagram.fxap3-1.fna.fbcdn.net&_nc_cat=100&_nc_oc=Q6cZ2QHNBMm7CX4slV0aupteAJH3auK-tqR4S5v0GrIncyEwOVYl8oZyw0FpHj2FuH-bwNKfkcf01BBOP-JsFtigeSLY&_nc_ohc=PYJx4D-SDb4Q7kNvwGvVCPl&_nc_gid=tpjWOz4vvFp4Xxk3mYOVpA&edm=AI-cjbYBAAAA&ccb=7-5&oh=00_AfJHfDHPoJWp6KimCVvSgMuAOHZv9ZdBbhNM2ae0QRLUhQ&oe=6826D3AE&_nc_sid=0985b0,0.0,0.0
7427687983,vini.fz15,"=""17999949605588089""",E o programa de pontos? Sai quando üòä,"24/02/2025, 18:18:10",https://www.instagram.com/vini.fz15,https://instagram.fxap3-1.fna.fbcdn.net/v/t51.2885-19/491893408_18290687245247984_2974611706469508364_n.jpg?stp=dst-jpg_s150x150_tt6&_nc_ht=instagram.fxap3-1.fna.fbcdn.net&_nc_cat=108&_nc_oc=Q6cZ2QHNBMm7CX4slV0aupteAJH3auK-tqR4S5v0GrIncyEwOVYl8oZyw0FpHj2FuH-bwNKfkcf01BBOP-JsFtigeSLY&_nc_ohc=UKbiSpgkz4MQ7kNvwFUBn-C&_nc_gid=tpjWOz4vvFp4Xxk3mYOVpA&edm=AI-cjbYBAAAA&ccb=7-5&oh=00_AfKFzMyOkHHZV_LlE5YA10OfsWHHZ1zq80JrLK8CErSonQ&oe=6826B111&_nc_sid=0985b0,0.0,0.0
478079543,dignissima.susan,"=""17875723605185956""",@camilaah_alvees avemaria kkkkkk tentou procurar no correio? As vezes vai pra l√° qnd n chega at√© o endere√ßo,"24/02/2025, 18:29:57",https://www.instagram.com/dignissima.susan,https://instagram.fxap3-1.fna.fbcdn.net/v/t51.2885-19/329313183_506573111628593_547432576840649058_n.jpg?stp=dst-jpg_s150x150_tt6&_nc_ht=instagram.fxap3-1.fna.fbcdn.net&_nc_cat=105&_nc_oc=Q6cZ2QHNBMm7CX4slV0aupteAJH3auK-tqR4S5v0GrIncyEwOVYl8oZyw0FpHj2FuH-bwNKfkcf01BBOP-JsFtigeSLY&_nc_ohc=uz4RuzQwyG8Q7kNvwHANnLA&_nc_gid=tpjWOz4vvFp4Xxk3mYOVpA&edm=AI-cjbYBAAAA&ccb=7-5&oh=00_AfI2CeY7wfELie7JoEkXn8eZ5rsQCDMqoBiuqbU3LxcvWA&oe=6826BAB5&_nc_sid=0985b0,0.0,0.0
1486251269,matheus.alves.b,"=""18108654988421597""",O cara no futuro com fone de fio kkkkkkkk,"22/02/2025, 02:02:21",https://www.instagram.com/matheus.alves.b,https://instagram.fxap3-1.fna.fbcdn.net/v/t51.2885-19/467938069_3973801629553455_7889839009415730912_n.jpg?stp=dst-jpg_s150x150_tt6&_nc_ht=instagram.fxap3-1.fna.fbcdn.net&_nc_cat=103&_nc_oc=Q6cZ2QF7bEQLpclJd-f06_N_v3PvIiqZZSjAict54ahOyQeDCmP2X0-FI0hi4y2ALH71Bm96Y3ubuHEkxqnSZefQavSA&_nc_ohc=x-OgfPy9VjkQ7kNvwH8pPNB&_nc_gid=jXwVEJx1OW1u67o4bicfzA&edm=AI-cjbYBAAAA&ccb=7-5&oh=00_AfKIvBKxXTtOQZ2bAr2TaJwvfgJOmuNHzL5Fs5oTc1oL2A&oe=6826B6DB&_nc_sid=0985b0,0.0,0.0
1353352714,bruna_mcet,"=""17961743546888839""",@taislimam_maria nossa eu pensei a mesma coisa kkkkk,"22/02/2025, 02:17:54",https://www.instagram.com/bruna_mcet,https://instagram.fxap3-1.fna.fbcdn.net/v/t51.2885-19/420340883_2590603124428052_3331789017944575495_n.jpg?stp=dst-jpg_s150x150_tt6&_nc_ht=instagram.fxap3-1.fna.fbcdn.net&_nc_cat=108&_nc_oc=Q6cZ2QF7bEQLpclJd-f06_N_v3PvIiqZZSjAict54ahOyQeDCmP2X0-FI0hi4y2ALH71Bm96Y3ubuHEkxqnSZefQavSA&_nc_ohc=yPqpa8hjrlMQ7kNvwEGsio3&_nc_gid=jXwVEJx1OW1u67o4bicfzA&edm=AI-cjbYBAAAA&ccb=7-5&oh=00_AfJ7QCi_uT4QPNH99Yw7X1OYgKd_zLN4o4pj9RgsX8hOpQ&oe=6826D411&_nc_sid=0985b0,0.0,0.0
753892307,camis080578,"=""17970061253832926""",Ul,"22/02/2025, 02:31:48",https://www.instagram.com/camis080578,https://instagram.fxap3-1.fna.fbcdn.net/v/t51.2885-19/486062722_934280405249880_4606558863547401907_n.jpg?stp=dst-jpg_s150x150_tt6&_nc_ht=instagram.fxap3-1.fna.fbcdn.net&_nc_cat=100&_nc_oc=Q6cZ2QF7bEQLpclJd-f06_N_v3PvIiqZZSjAict54ahOyQeDCmP2X0-FI0hi4y2ALH71Bm96Y3ubuHEkxqnSZefQavSA&_nc_ohc=g3aNJYlxP0sQ7kNvwEv1ucx&_nc_gid=jXwVEJx1OW1u67o4bicfzA&edm=AI-cjbYBAAAA&ccb=7-5&oh=00_AfJk_sl-7M7dlx4RZRLAjQJqeeKu4jKgc33O2QNcwM9bFg&oe=6826B0EA&_nc_sid=0985b0,0.0,0.0
1214421069,iegomoreira,"=""18035764616212030""",@matheus.alves.b futurista raiz üòÇüòÇüòÇ,"22/02/2025, 05:47:45",https://www.instagram.com/iegomoreira,https://instagram.fxap3-1.fna.fbcdn.net/v/t51.2885-19/470902705_1268428641075482_760737098370045485_n.jpg?stp=dst-jpg_s150x150_tt6&_nc_ht=instagram.fxap3-1.fna.fbcdn.net&_nc_cat=102&_nc_oc=Q6cZ2QF7bEQLpclJd-f06_N_v3PvIiqZZSjAict54ahOyQeDCmP2X0-FI0hi4y2ALH71Bm96Y3ubuHEkxqnSZefQavSA&_nc_ohc=wBKkJ_GloM4Q7kNvwFqgscv&_nc_gid=jXwVEJx1OW1u67o4bicfzA&edm=AI-cjbYBAAAA&ccb=7-5&oh=00_AfKN-ZX55OcKjeHGuGBaGhWb35yeM6qkXC5LkKYLWpsESg&oe=6826C0D4&_nc_sid=0985b0,0.0,0.0
59963594927,joaocarlos280946,"=""17885919072211999""",1 real pode modo protegido,"22/02/2025, 05:50:47",https://www.instagram.com/joaocarlos280946,https://instagram.fxap3-1.fna.fbcdn.net/v/t51.2885-19/495912914_17943941498994928_1611448026218176915_n.jpg?stp=dst-jpg_s150x150_tt6&_nc_ht=instagram.fxap3-1.fna.fbcdn.net&_nc_cat=104&_nc_oc=Q6cZ2QF7bEQLpclJd-f06_N_v3PvIiqZZSjAict54ahOyQeDCmP2X0-FI0hi4y2ALH71Bm96Y3ubuHEkxqnSZefQavSA&_nc_ohc=audEarXt3FUQ7kNvwHcaN42&_nc_gid=jXwVEJx1OW1u67o4bicfzA&edm=AI-cjbYBAAAA&ccb=7-5&oh=00_AfLDI1OfAXFetlgs7jj4FrKHsjIG7ZZLZp6UZ4GiGrzPUw&oe=6826C575&_nc_sid=0985b0,0.2,0.30000000000000004
1228711004,douglas.bonatti,"=""17883548958231051""",A√≠ vc tenta no aplicativo fazer isso e est√° escondido üòÖü§£üëèüëèüëè,"22/02/2025, 06:02:40",https://www.instagram.com/douglas.bonatti,https://instagram.fxap3-1.fna.fbcdn.net/v/t51.2885-19/484558779_1318313709451753_4971112787015587428_n.jpg?stp=dst-jpg_s150x150_tt6&_nc_ht=instagram.fxap3-1.fna.fbcdn.net&_nc_cat=101&_nc_oc=Q6cZ2QF7bEQLpclJd-f06_N_v3PvIiqZZSjAict54ahOyQeDCmP2X0-FI0hi4y2ALH71Bm96Y3ubuHEkxqnSZefQavSA&_nc_ohc=b3JbNeSxZScQ7kNvwGKImpB&_nc_gid=jXwVEJx1OW1u67o4bicfzA&edm=AI-cjbYBAAAA&ccb=7-5&oh=00_AfLcYI9YcNBJti3krC-CoW-HnHab8JBCmlbOPtOEVKILkw&oe=6826BF4E&_nc_sid=0985b0,0.0,0.0
405565710,lilica_np,"=""17897770008140414""",@lilica_np pediu*,"22/02/2025, 06:28:01",https://www.instagram.com/lilica_np,https://instagram.fxap3-1.fna.fbcdn.net/v/t51.2885-19/412599057_1353094855336776_1562925937615440544_n.jpg?stp=dst-jpg_s150x150_tt6&_nc_ht=instagram.fxap3-1.fna.fbcdn.net&_nc_cat=100&_nc_oc=Q6cZ2QF7bEQLpclJd-f06_N_v3PvIiqZZSjAict54ahOyQeDCmP2X0-FI0hi4y2ALH71Bm96Y3ubuHEkxqnSZefQavSA&_nc_ohc=pmUOe3Iq0zUQ7kNvwFPkY24&_nc_gid=jXwVEJx1OW1u67o4bicfzA&edm=AI-cjbYBAAAA&ccb=7-5&oh=00_AfLKEy42iZtir16pj2BI-NyLMyLxtK1S5iwR0DfXrCW81Q&oe=6826AEF8&_nc_sid=0985b0,0.0,0.0
1483712290,joao_victor_fernandees,"=""18043645976371639""",O aplicativo  t√° horr√≠vel  dando erro o tempo todo,"22/02/2025, 07:08:48",https://www.instagram.com/joao_victor_fernandees,https://instagram.fxap3-1.fna.fbcdn.net/v/t51.2885-19/297198497_1200755447355726_3884609038819496348_n.jpg?stp=dst-jpg_s150x150_tt6&_nc_ht=instagram.fxap3-1.fna.fbcdn.net&_nc_cat=106&_nc_oc=Q6cZ2QF7bEQLpclJd-f06_N_v3PvIiqZZSjAict54ahOyQeDCmP2X0-FI0hi4y2ALH71Bm96Y3ubuHEkxqnSZefQavSA&_nc_ohc=h5Ho-XK6VWgQ7kNvwGrd72M&_nc_gid=jXwVEJx1OW1u67o4bicfzA&edm=AI-cjbYBAAAA&ccb=7-5&oh=00_AfJxhoErygmxjcLooi_EBd_LkTN53SDqPLiG_UH5xP3yNA&oe=6826D200&_nc_sid=0985b0,0.0,0.0
48146514194,maiconlife,"=""18057915197016258""",Incr√≠vel,"22/02/2025, 09:30:47",https://www.instagram.com/maiconlife,https://instagram.fxap3-1.fna.fbcdn.net/v/t51.2885-19/491591898_2713217408867136_2747281554442017044_n.jpg?stp=dst-jpg_s150x150_tt6&_nc_ht=instagram.fxap3-1.fna.fbcdn.net&_nc_cat=100&_nc_oc=Q6cZ2QF7bEQLpclJd-f06_N_v3PvIiqZZSjAict54ahOyQeDCmP2X0-FI0hi4y2ALH71Bm96Y3ubuHEkxqnSZefQavSA&_nc_ohc=N9So_1Ttjj4Q7kNvwEdhkSM&_nc_gid=jXwVEJx1OW1u67o4bicfzA&edm=AI-cjbYBAAAA&ccb=7-5&oh=00_AfJCI-gMSgAYygWOdZp0-bwC9HVxazGlYymdox_qg-1glA&oe=6826D65C&_nc_sid=0985b0,0.0,0.0
58192265060,dreyzumbi,"=""18132509419392035""","Paga a minha fatura, Nubanküôåüèæ","22/02/2025, 10:04:44",https://www.instagram.com/dreyzumbi,https://instagram.fxap3-1.fna.fbcdn.net/v/t51.2885-19/471646929_612966741238749_8479870024713950166_n.jpg?stp=dst-jpg_s150x150_tt6&_nc_ht=instagram.fxap3-1.fna.fbcdn.net&_nc_cat=109&_nc_oc=Q6cZ2QF7bEQLpclJd-f06_N_v3PvIiqZZSjAict54ahOyQeDCmP2X0-FI0hi4y2ALH71Bm96Y3ubuHEkxqnSZefQavSA&_nc_ohc=Dq2WNuUkaPUQ7kNvwEYU34i&_nc_gid=jXwVEJx1OW1u67o4bicfzA&edm=AI-cjbYBAAAA&ccb=7-5&oh=00_AfJPNb1r78khP8NvXxMqq5wZt0uyZKo6qPBe9qw7Pa2EfQ&oe=6826B597&_nc_sid=0985b0,0.0,0.0
6211373097,lyamara890,"=""18129993001407489""",Ele podia gravar com o brino ksksksks,"22/02/2025, 10:49:16",https://www.instagram.com/lyamara890,https://instagram.fxap3-1.fna.fbcdn.net/v/t51.2885-19/482823268_651756864002280_7191625713171048877_n.jpg?stp=dst-jpg_s150x150_tt6&_nc_ht=instagram.fxap3-1.fna.fbcdn.net&_nc_cat=100&_nc_oc=Q6cZ2QF7bEQLpclJd-f06_N_v3PvIiqZZSjAict54ahOyQeDCmP2X0-FI0hi4y2ALH71Bm96Y3ubuHEkxqnSZefQavSA&_nc_ohc=ZwXdYZtJeh0Q7kNvwF_ZdBj&_nc_gid=jXwVEJx1OW1u67o4bicfzA&edm=AI-cjbYBAAAA&ccb=7-5&oh=00_AfJtCHcVmVDGwsjXrSuwKmT2pxqwADxxmOmaODuiDLcapQ&oe=6826C315&_nc_sid=0985b0,0.0,0.0
65619298856,ladelicia_doceria,"=""18070548058835055""",Boa kkk eu amo o Nubank s√≥ pq ele √© roxinho üíúüíúüíú‚ò∫Ô∏è,"22/02/2025, 13:08:17",https://www.instagram.com/ladelicia_doceria,https://instagram.fxap3-1.fna.fbcdn.net/v/t51.2885-19/475483217_986851563348514_6500939340627609177_n.jpg?stp=dst-jpg_s150x150_tt6&_nc_ht=instagram.fxap3-1.fna.fbcdn.net&_nc_cat=110&_nc_oc=Q6cZ2QF7bEQLpclJd-f06_N_v3PvIiqZZSjAict54ahOyQeDCmP2X0-FI0hi4y2ALH71Bm96Y3ubuHEkxqnSZefQavSA&_nc_ohc=4pJdUuNZOjgQ7kNvwHTYcC7&_nc_gid=jXwVEJx1OW1u67o4bicfzA&edm=AI-cjbYBAAAA&ccb=7-5&oh=00_AfIPWTj3_E4KYQ9KGK4Km4ZeHfgeN2_0n6wkA2jgwJ9KzQ&oe=6826D43B&_nc_sid=0985b0,0.0,0.0
65619298856,ladelicia_doceria,"=""18166299151327213""",@matheus.alves.b vai ver q ainda √© o √∫nico q dura mais,"22/02/2025, 13:10:18",https://www.instagram.com/ladelicia_doceria,https://instagram.fxap3-1.fna.fbcdn.net/v/t51.2885-19/475483217_986851563348514_6500939340627609177_n.jpg?stp=dst-jpg_s150x150_tt6&_nc_ht=instagram.fxap3-1.fna.fbcdn.net&_nc_cat=110&_nc_oc=Q6cZ2QF7bEQLpclJd-f06_N_v3PvIiqZZSjAict54ahOyQeDCmP2X0-FI0hi4y2ALH71Bm96Y3ubuHEkxqnSZefQavSA&_nc_ohc=4pJdUuNZOjgQ7kNvwHTYcC7&_nc_gid=jXwVEJx1OW1u67o4bicfzA&edm=AI-cjbYBAAAA&ccb=7-5&oh=00_AfIPWTj3_E4KYQ9KGK4Km4ZeHfgeN2_0n6wkA2jgwJ9KzQ&oe=6826D43B&_nc_sid=0985b0,0.0,0.0
5762443644,tiagorodrigues.fotografias,"=""17996823488768893""",Uauuu,"22/02/2025, 13:46:22",https://www.instagram.com/tiagorodrigues.fotografias,https://instagram.fxap3-1.fna.fbcdn.net/v/t51.2885-19/463394777_4736184559939527_9027519740717721174_n.jpg?stp=dst-jpg_s150x150_tt6&_nc_ht=instagram.fxap3-1.fna.fbcdn.net&_nc_cat=103&_nc_oc=Q6cZ2QF7bEQLpclJd-f06_N_v3PvIiqZZSjAict54ahOyQeDCmP2X0-FI0hi4y2ALH71Bm96Y3ubuHEkxqnSZefQavSA&_nc_ohc=uLIsEfjUV-sQ7kNvwFCH6ay&_nc_gid=jXwVEJx1OW1u67o4bicfzA&edm=AI-cjbYBAAAA&ccb=7-5&oh=00_AfLBXoD03P4LLhRBR0f6dDTjmFlzdkKvJgWyZgh4ucC6AQ&oe=6826B3F6&_nc_sid=0985b0,0.0,0.0
562940450,renandelvan,"=""18154671715360029""",Isso √© muito rick and morty,"22/02/2025, 14:20:33",https://www.instagram.com/renandelvan,https://instagram.fxap3-1.fna.fbcdn.net/v/t51.2885-19/349342677_637462904557679_2899169912321202679_n.jpg?stp=dst-jpg_s150x150_tt6&_nc_ht=instagram.fxap3-1.fna.fbcdn.net&_nc_cat=111&_nc_oc=Q6cZ2QF7bEQLpclJd-f06_N_v3PvIiqZZSjAict54ahOyQeDCmP2X0-FI0hi4y2ALH71Bm96Y3ubuHEkxqnSZefQavSA&_nc_ohc=xZXRNVdm9xAQ7kNvwFJjA9j&_nc_gid=jXwVEJx1OW1u67o4bicfzA&edm=AI-cjbYBAAAA&ccb=7-5&oh=00_AfL8P0v5nQQKE5TevuczMOQvejwEAQQL9AMRq-LrM2ELCw&oe=6826DB4D&_nc_sid=0985b0,0.0,0.0
8322981930,obielbarbof,"=""18075742684664471""",Ricky and Morty total kaksakskqkssk,"22/02/2025, 14:48:44",https://www.instagram.com/obielbarbof,https://instagram.fxap3-1.fna.fbcdn.net/v/t51.2885-19/491452066_648148941469516_1495323453289271741_n.jpg?stp=dst-jpg_s150x150_tt6&_nc_ht=instagram.fxap3-1.fna.fbcdn.net&_nc_cat=104&_nc_oc=Q6cZ2QF7bEQLpclJd-f06_N_v3PvIiqZZSjAict54ahOyQeDCmP2X0-FI0hi4y2ALH71Bm96Y3ubuHEkxqnSZefQavSA&_nc_ohc=bIC7P6M8vP0Q7kNvwE4QNCo&_nc_gid=jXwVEJx1OW1u67o4bicfzA&edm=AI-cjbYBAAAA&ccb=7-5&oh=00_AfKINasu4hXo4GvVccWdcLNshxSCR1LqD83zx383XZemAw&oe=6826BAED&_nc_sid=0985b0,0.0,0.75
61844263717,mariadefatimaoliveira617,"=""18064977379913109""",Tonc,"22/02/2025, 14:56:55",https://www.instagram.com/mariadefatimaoliveira617,https://instagram.fpss3-1.fna.fbcdn.net/v/t51.2885-19/464760996_1254146839119862_3605321457742435801_n.png?stp=dst-jpg_e0_s150x150_tt6&cb=8577c754-c2464923&_nc_ht=instagram.fpss3-1.fna.fbcdn.net&_nc_cat=1&_nc_oc=Q6cZ2QHQRN71mr5Aa3HTQrFIR03YeJQ3eWGwOV4hS71enKhzCEc5nXRA1UOHxARnZ3kpKJY&_nc_ohc=25ifEN2CwYQQ7kNvwF9OsZ5&_nc_gid=D1ErCudtTuylFjdI2Wwwww&edm=AB11_MABAAAA&ccb=7-5&ig_cache_key=YW5vbnltb3VzX3Byb2ZpbGVfcGlj.3-ccb7-5-cb8577c754-c2464923&oh=00_AfI6BzxIq-2iDtvA2KrZVUp9O1utB0lmVMwaEr2vm4b1uA&oe=6826AB68&_nc_sid=dc5e7f,0.0,0.0
61844263717,mariadefatimaoliveira617,"=""18071259664789667""",C.,"22/02/2025, 14:56:58",https://www.instagram.com/mariadefatimaoliveira617,https://instagram.fpss3-1.fna.fbcdn.net/v/t51.2885-19/464760996_1254146839119862_3605321457742435801_n.png?stp=dst-jpg_e0_s150x150_tt6&cb=8577c754-c2464923&_nc_ht=instagram.fpss3-1.fna.fbcdn.net&_nc_cat=1&_nc_oc=Q6cZ2QHQRN71mr5Aa3HTQrFIR03YeJQ3eWGwOV4hS71enKhzCEc5nXRA1UOHxARnZ3kpKJY&_nc_ohc=25ifEN2CwYQQ7kNvwF9OsZ5&_nc_gid=D1ErCudtTuylFjdI2Wwwww&edm=AB11_MABAAAA&ccb=7-5&ig_cache_key=YW5vbnltb3VzX3Byb2ZpbGVfcGlj.3-ccb7-5-cb8577c754-c2464923&oh=00_AfI6BzxIq-2iDtvA2KrZVUp9O1utB0lmVMwaEr2vm4b1uA&oe=6826AB68&_nc_sid=dc5e7f,0.0,0.0
61844263717,mariadefatimaoliveira617,"=""17979124742811491""",.,"22/02/2025, 14:57:01",https://www.instagram.com/mariadefatimaoliveira617,https://instagram.fpss3-1.fna.fbcdn.net/v/t51.2885-19/464760996_1254146839119862_3605321457742435801_n.png?stp=dst-jpg_e0_s150x150_tt6&cb=8577c754-c2464923&_nc_ht=instagram.fpss3-1.fna.fbcdn.net&_nc_cat=1&_nc_oc=Q6cZ2QHQRN71mr5Aa3HTQrFIR03YeJQ3eWGwOV4hS71enKhzCEc5nXRA1UOHxARnZ3kpKJY&_nc_ohc=25ifEN2CwYQQ7kNvwF9OsZ5&_nc_gid=D1ErCudtTuylFjdI2Wwwww&edm=AB11_MABAAAA&ccb=7-5&ig_cache_key=YW5vbnltb3VzX3Byb2ZpbGVfcGlj.3-ccb7-5-cb8577c754-c2464923&oh=00_AfI6BzxIq-2iDtvA2KrZVUp9O1utB0lmVMwaEr2vm4b1uA&oe=6826AB68&_nc_sid=dc5e7f,0.0,0.0
40444028864,esseleoaqui,"=""18096286369518665""",Pensei que era o Pablo Marsal,"22/02/2025, 15:15:13",https://www.instagram.com/esseleoaqui,https://instagram.fxap3-1.fna.fbcdn.net/v/t51.2885-19/485499412_1322957645604988_8895198463358146936_n.jpg?stp=dst-jpg_s150x150_tt6&_nc_ht=instagram.fxap3-1.fna.fbcdn.net&_nc_cat=104&_nc_oc=Q6cZ2QF7bEQLpclJd-f06_N_v3PvIiqZZSjAict54ahOyQeDCmP2X0-FI0hi4y2ALH71Bm96Y3ubuHEkxqnSZefQavSA&_nc_ohc=ZV47B9i5SKUQ7kNvwE4_yaQ&_nc_gid=jXwVEJx1OW1u67o4bicfzA&edm=AI-cjbYBAAAA&ccb=7-5&oh=00_AfKj2GfnQZSCDJfZ5A0CzzDl9ooljAuWND37VpjJ5udsYA&oe=6826B74C&_nc_sid=0985b0,0.0,0.0
416395593,lauriellicgc,"=""18059653435831082""","Ol√°! Tudo bem? 
Como voc√™s resolvem o problema do cliente que j√° se estende h√° mais de 1 m√™s? O chat do app √© imposs√≠vel! Estou muito frustrada com minha situa√ß√£o. Aguardo voc√™s.","22/02/2025, 16:25:12",https://www.instagram.com/lauriellicgc,https://instagram.fxap3-1.fna.fbcdn.net/v/t51.2885-19/471496354_1322469608880524_2466774852557949364_n.jpg?stp=dst-jpg_s150x150_tt6&_nc_ht=instagram.fxap3-1.fna.fbcdn.net&_nc_cat=108&_nc_oc=Q6cZ2QF7bEQLpclJd-f06_N_v3PvIiqZZSjAict54ahOyQeDCmP2X0-FI0hi4y2ALH71Bm96Y3ubuHEkxqnSZefQavSA&_nc_ohc=48aqVg9WR8QQ7kNvwGEabC-&_nc_gid=jXwVEJx1OW1u67o4bicfzA&edm=AI-cjbYBAAAA&ccb=7-5&oh=00_AfKOp2Vjqd3HLhODrps_EhWbHMvmHAACo9bOvfu6F583UQ&oe=6826B660&_nc_sid=0985b0,0.0,0.0
6609956494,ne_suu,"=""18031108910639914""","Eita, o cara de Internet O Filme","22/02/2025, 17:22:18",https://www.instagram.com/ne_suu,https://instagram.fxap3-1.fna.fbcdn.net/v/t51.2885-19/268607316_205554068438354_8607260220585355446_n.jpg?stp=dst-jpg_s150x150_tt6&_nc_ht=instagram.fxap3-1.fna.fbcdn.net&_nc_cat=102&_nc_oc=Q6cZ2QF7bEQLpclJd-f06_N_v3PvIiqZZSjAict54ahOyQeDCmP2X0-FI0hi4y2ALH71Bm96Y3ubuHEkxqnSZefQavSA&_nc_ohc=XcYNKxvH6OcQ7kNvwGw4M6k&_nc_gid=jXwVEJx1OW1u67o4bicfzA&edm=AI-cjbYBAAAA&ccb=7-5&oh=00_AfIFq58y_C4-fqkHH18JNYxQw9umfvRCDuKWXuljWXDfuQ&oe=6826C41D&_nc_sid=0985b0,0.0,0.0
1569920355,crismessmer,"=""18037499537575314""",Infelizmente nem sobra pra usar na rua kkküíî,"22/02/2025, 18:20:31",https://www.instagram.com/crismessmer,https://instagram.fxap3-1.fna.fbcdn.net/v/t51.2885-19/318836135_2110511359158858_4897179464602718271_n.jpg?stp=dst-jpg_s150x150_tt6&_nc_ht=instagram.fxap3-1.fna.fbcdn.net&_nc_cat=106&_nc_oc=Q6cZ2QF7bEQLpclJd-f06_N_v3PvIiqZZSjAict54ahOyQeDCmP2X0-FI0hi4y2ALH71Bm96Y3ubuHEkxqnSZefQavSA&_nc_ohc=hnbKeoFolkMQ7kNvwFIMKc8&_nc_gid=jXwVEJx1OW1u67o4bicfzA&edm=AI-cjbYBAAAA&ccb=7-5&oh=00_AfIRlektV3OfYmArx88yQ7nmJcE8Ut8k9Sq2b9PVXuF7gw&oe=6826C2AA&_nc_sid=0985b0,0.0,0.0
472231892,renatamachadoooo,"=""18002727971720499""",O rep√≥rter some igual as contas,"22/02/2025, 18:43:44",https://www.instagram.com/renatamachadoooo,https://instagram.fxap3-1.fna.fbcdn.net/v/t51.2885-19/448111285_1496541874283349_1195772849134775091_n.jpg?stp=dst-jpg_s150x150_tt6&_nc_ht=instagram.fxap3-1.fna.fbcdn.net&_nc_cat=109&_nc_oc=Q6cZ2QF7bEQLpclJd-f06_N_v3PvIiqZZSjAict54ahOyQeDCmP2X0-FI0hi4y2ALH71Bm96Y3ubuHEkxqnSZefQavSA&_nc_ohc=DaEzQe4i1CAQ7kNvwEVBXKP&_nc_gid=jXwVEJx1OW1u67o4bicfzA&edm=AI-cjbYBAAAA&ccb=7-5&oh=00_AfI0sR8Ln1NkJeEZb4FMRGhe-eyAJBAtvOvvWlBymP97KA&oe=6826B7D5&_nc_sid=0985b0,0.0,0.0
11831220183,jiorzin,"=""17935090340995422""",@rafael_ghidelli KKKKKKK PAPORETO,"22/02/2025, 19:07:33",https://www.instagram.com/jiorzin,https://instagram.fxap3-1.fna.fbcdn.net/v/t51.2885-19/495955319_18137885533396184_3571745135057157352_n.jpg?stp=dst-jpg_s150x150_tt6&_nc_ht=instagram.fxap3-1.fna.fbcdn.net&_nc_cat=108&_nc_oc=Q6cZ2QF7bEQLpclJd-f06_N_v3PvIiqZZSjAict54ahOyQeDCmP2X0-FI0hi4y2ALH71Bm96Y3ubuHEkxqnSZefQavSA&_nc_ohc=Lh_KYUjvIf8Q7kNvwHLp4HL&_nc_gid=jXwVEJx1OW1u67o4bicfzA&edm=AI-cjbYBAAAA&ccb=7-5&oh=00_AfL66uToAaCJCJ_c_rkZf4Sc6yuKGgNyUe_10jC3DBdUQA&oe=6826CFFD&_nc_sid=0985b0,0.0,0.0
2149186524,lehmel_,"=""17951008022927861""",Da pra usar isso no cart√£o de cr√©dito/d√©bito tamb√©m? Ou s√≥ Pix/transfer√™ncia banc√°ria?,"22/02/2025, 19:37:09",https://www.instagram.com/lehmel_,https://instagram.fxap3-1.fna.fbcdn.net/v/t51.2885-19/479714515_1396202648010315_680241982583002058_n.jpg?stp=dst-jpg_s150x150_tt6&_nc_ht=instagram.fxap3-1.fna.fbcdn.net&_nc_cat=103&_nc_oc=Q6cZ2QF7bEQLpclJd-f06_N_v3PvIiqZZSjAict54ahOyQeDCmP2X0-FI0hi4y2ALH71Bm96Y3ubuHEkxqnSZefQavSA&_nc_ohc=BI0gwaTN7xMQ7kNvwGITI_O&_nc_gid=jXwVEJx1OW1u67o4bicfzA&edm=AI-cjbYBAAAA&ccb=7-5&oh=00_AfL1lCsVNnMfIJcL9Od9wD3I0vQVtgiN9MaD3ybwVt_BpQ&oe=6826CC83&_nc_sid=0985b0,0.0,0.0
1495428601,nubank,"=""17864287395265997""","@lehmel_, com o ‚ÄúModo Rua do Nubank‚Äù ativado, o seu aplicativo fica ainda mais protegido. Essa fun√ß√£o funciona assim: voc√™ escolhe redes confi√°veis (como as da sua casa, do trabalho e de familiares) e, ao sair na rua, seu app vai limitar o valor de transfer√™ncias via Pix, TED e pagamento de boletos. E quem define esse limite √© voc√™ ‚Äì assim, seu dinheiro fica mais seguro caso seu celular seja roubado ou furtado.

Para saber mais, visite o nosso blog:

https://blog.nubank.com.br/como-ativar-o-modo-rua-do-nubank/","22/02/2025, 19:48:01",https://www.instagram.com/nubank,https://instagram.fxap3-1.fna.fbcdn.net/v/t51.2885-19/324089383_1107918419880288_2067674984575890345_n.jpg?stp=dst-jpg_s150x150_tt6&_nc_ht=instagram.fxap3-1.fna.fbcdn.net&_nc_cat=100&_nc_oc=Q6cZ2QF7bEQLpclJd-f06_N_v3PvIiqZZSjAict54ahOyQeDCmP2X0-FI0hi4y2ALH71Bm96Y3ubuHEkxqnSZefQavSA&_nc_ohc=IBej-yk-jgUQ7kNvwEvX6k9&_nc_gid=jXwVEJx1OW1u67o4bicfzA&edm=AI-cjbYBAAAA&ccb=7-5&oh=00_AfKoy6bpYAK_LnEXrbTSNoxB0ucuFRefqd7KdG8q-yxo8w&oe=6826B87A&_nc_sid=0985b0,0.0,0.0
8057485273,sthefane_martins,"=""18046283141211455""","Festa,folia divers√£o....e depois outra pandemia... √© pra lascar msm","22/02/2025, 21:41:20",https://www.instagram.com/sthefane_martins,https://instagram.fxap3-1.fna.fbcdn.net/v/t51.2885-19/131420212_3004463016535503_6476432620456292477_n.jpg?stp=dst-jpg_s150x150_tt6&_nc_ht=instagram.fxap3-1.fna.fbcdn.net&_nc_cat=103&_nc_oc=Q6cZ2QF7bEQLpclJd-f06_N_v3PvIiqZZSjAict54ahOyQeDCmP2X0-FI0hi4y2ALH71Bm96Y3ubuHEkxqnSZefQavSA&_nc_ohc=2btGF6vzNNcQ7kNvwEbWvNo&_nc_gid=jXwVEJx1OW1u67o4bicfzA&edm=AI-cjbYBAAAA&ccb=7-5&oh=00_AfJYL0mQI2My2uPZYM4YUaYkEzvu-1JWGvlp7gIbF7a2Rg&oe=6826C9AF&_nc_sid=0985b0,0.0,0.0
7237036456,laricostaofc,"=""18031169246311527""",Que susto! Achei que ele ia falar m√∫sica e divers√£o do Nicolas Netto,"22/02/2025, 22:13:56",https://www.instagram.com/laricostaofc,https://instagram.fxap3-1.fna.fbcdn.net/v/t51.2885-19/313936451_576012604297775_7540944700531683498_n.jpg?stp=dst-jpg_s150x150_tt6&_nc_ht=instagram.fxap3-1.fna.fbcdn.net&_nc_cat=111&_nc_oc=Q6cZ2QF7bEQLpclJd-f06_N_v3PvIiqZZSjAict54ahOyQeDCmP2X0-FI0hi4y2ALH71Bm96Y3ubuHEkxqnSZefQavSA&_nc_ohc=xj9OZtOK49sQ7kNvwF-PSYj&_nc_gid=jXwVEJx1OW1u67o4bicfzA&edm=AI-cjbYBAAAA&ccb=7-5&oh=00_AfIbOB--94JRrwsojijhHCk2TUpQjVH4ZmGudmqtWYA3RQ&oe=6826A9DA&_nc_sid=0985b0,0.0,0.0
58694389171,azevedocristinamaria2023,"=""18131076601366153""",,"22/02/2025, 22:15:29",https://www.instagram.com/azevedocristinamaria2023,https://instagram.fxap3-1.fna.fbcdn.net/v/t51.2885-19/491443633_17951441657957172_1109581294550502647_n.jpg?stp=dst-jpg_s150x150_tt6&_nc_ht=instagram.fxap3-1.fna.fbcdn.net&_nc_cat=100&_nc_oc=Q6cZ2QF7bEQLpclJd-f06_N_v3PvIiqZZSjAict54ahOyQeDCmP2X0-FI0hi4y2ALH71Bm96Y3ubuHEkxqnSZefQavSA&_nc_ohc=u62YgKO5yv4Q7kNvwHnkBhg&_nc_gid=jXwVEJx1OW1u67o4bicfzA&edm=AI-cjbYBAAAA&ccb=7-5&oh=00_AfJf1-O-OncVDM0LQ6pdnvIbsn7gJ_IrpoVIPA1jAMvvug&oe=6826D811&_nc_sid=0985b0,0.0,0.0
61816268710,gontijo.mariadasgracas,"=""18055806344028053""",,"22/02/2025, 22:40:39",https://www.instagram.com/gontijo.mariadasgracas,https://instagram.fxap3-1.fna.fbcdn.net/v/t51.2885-19/378003419_1252551058782204_1875771866483810188_n.jpg?stp=dst-jpg_s150x150_tt6&_nc_ht=instagram.fxap3-1.fna.fbcdn.net&_nc_cat=100&_nc_oc=Q6cZ2QF7bEQLpclJd-f06_N_v3PvIiqZZSjAict54ahOyQeDCmP2X0-FI0hi4y2ALH71Bm96Y3ubuHEkxqnSZefQavSA&_nc_ohc=-5nWYuT-GJ4Q7kNvwGZgk3O&_nc_gid=jXwVEJx1OW1u67o4bicfzA&edm=AI-cjbYBAAAA&ccb=7-5&oh=00_AfI7JkZpiB_1BYoy4U5IVhSlk8zJgk5KqmvvotpxTCwDAg&oe=6826CBFD&_nc_sid=0985b0,0.0,0.0
45297400514,claudineiperieramaia,"=""17971002101828793""",Mim.,"22/02/2025, 23:02:47",https://www.instagram.com/claudineiperieramaia,https://instagram.fxap3-1.fna.fbcdn.net/v/t51.2885-19/138317130_435929191097668_3456607274541339875_n.jpg?stp=dst-jpg_s150x150_tt6&_nc_ht=instagram.fxap3-1.fna.fbcdn.net&_nc_cat=104&_nc_oc=Q6cZ2QF7bEQLpclJd-f06_N_v3PvIiqZZSjAict54ahOyQeDCmP2X0-FI0hi4y2ALH71Bm96Y3ubuHEkxqnSZefQavSA&_nc_ohc=VCi04KWwQKIQ7kNvwEY7txd&_nc_gid=jXwVEJx1OW1u67o4bicfzA&edm=AI-cjbYBAAAA&ccb=7-5&oh=00_AfJaCvYlvVs3FE-TaTpRgGyUZhUxlaT_UrTeH_YGlE7Gqw&oe=6826D51A&_nc_sid=0985b0,0.0,0.0
388993482,vinycastl,"=""18073428145683032""",Propagando top. ü§£üëè,"22/02/2025, 23:34:15",https://www.instagram.com/vinycastl,https://instagram.fxap3-1.fna.fbcdn.net/v/t51.2885-19/176655418_366800428019106_6710409606889425344_n.jpg?stp=dst-jpg_s150x150_tt6&_nc_ht=instagram.fxap3-1.fna.fbcdn.net&_nc_cat=106&_nc_oc=Q6cZ2QF7bEQLpclJd-f06_N_v3PvIiqZZSjAict54ahOyQeDCmP2X0-FI0hi4y2ALH71Bm96Y3ubuHEkxqnSZefQavSA&_nc_ohc=5-Z6nqMAlcoQ7kNvwGLxFt3&_nc_gid=jXwVEJx1OW1u67o4bicfzA&edm=AI-cjbYBAAAA&ccb=7-5&oh=00_AfKMd6Vi0qJ5oO60LXdl83Cy-l92UA7aNhFcmoGfRBovdw&oe=6826B5D7&_nc_sid=0985b0,0.5,0.5
14507664306,wellnby_2005,"=""18345536029151063""",T√¥ devendo 16 mil pra voc√™s e espero que a d√≠vida aumente (eu n√£o pretendo pagar) ü§≠,"23/02/2025, 02:00:27",https://www.instagram.com/wellnby_2005,https://instagram.fxap3-1.fna.fbcdn.net/v/t51.2885-19/456570390_1031769461877826_7721880974615326308_n.jpg?stp=dst-jpg_s150x150_tt6&_nc_ht=instagram.fxap3-1.fna.fbcdn.net&_nc_cat=110&_nc_oc=Q6cZ2QF7bEQLpclJd-f06_N_v3PvIiqZZSjAict54ahOyQeDCmP2X0-FI0hi4y2ALH71Bm96Y3ubuHEkxqnSZefQavSA&_nc_ohc=AQz-aZThJAoQ7kNvwEr4xYX&_nc_gid=jXwVEJx1OW1u67o4bicfzA&edm=AI-cjbYBAAAA&ccb=7-5&oh=00_AfLCw9ziUzw3WDp_eYRoWsJa-R0zDXERZ1ynr5JDOEB__Q&oe=6826DBA5&_nc_sid=0985b0,0.0,0.0
6997092081,_ricardo308,"=""18489614500014234""",Papo de liso quando homen sai ele n√£o sabe quanto gasta.kkkk,"23/02/2025, 07:41:26",https://www.instagram.com/_ricardo308,https://instagram.fxap3-1.fna.fbcdn.net/v/t51.2885-19/26227874_2010730442545914_1830179431335854080_n.jpg?stp=dst-jpg_s150x150_tt6&_nc_ht=instagram.fxap3-1.fna.fbcdn.net&_nc_cat=106&_nc_oc=Q6cZ2QF7bEQLpclJd-f06_N_v3PvIiqZZSjAict54ahOyQeDCmP2X0-FI0hi4y2ALH71Bm96Y3ubuHEkxqnSZefQavSA&_nc_ohc=cUwEbFqWrnQQ7kNvwFLVb0y&_nc_gid=jXwVEJx1OW1u67o4bicfzA&edm=AI-cjbYBAAAA&ccb=7-5&oh=00_AfIDBdKx2pIZMdBozcsOAQDMb53l3KWvj1Zc7Pi2P171tA&oe=6826DC97&_nc_sid=0985b0,0.0,0.0
60678390752,codandonagringa,"=""18036451667612236""",Equipe de marketing deu aulas nessa üëèüëèüëè,"23/02/2025, 09:15:29",https://www.instagram.com/codandonagringa,https://instagram.fxap3-1.fna.fbcdn.net/v/t51.2885-19/467250214_1076797610390680_8171266537947908385_n.jpg?stp=dst-jpg_s150x150_tt6&_nc_ht=instagram.fxap3-1.fna.fbcdn.net&_nc_cat=104&_nc_oc=Q6cZ2QF7bEQLpclJd-f06_N_v3PvIiqZZSjAict54ahOyQeDCmP2X0-FI0hi4y2ALH71Bm96Y3ubuHEkxqnSZefQavSA&_nc_ohc=a3lLI8Y2U5IQ7kNvwGHF9QI&_nc_gid=jXwVEJx1OW1u67o4bicfzA&edm=AI-cjbYBAAAA&ccb=7-5&oh=00_AfK5_1S_VnuYdUpeF4KG7efomsy3iHIrDfF91pjcz-yfGQ&oe=6826C4C3&_nc_sid=0985b0,0.0,0.0
56333588220,fddua.rte,"=""18021680993449588""","Enquanto isso, tome fumo na retaguarda brasileira kkk","23/02/2025, 10:00:47",https://www.instagram.com/fddua.rte,https://instagram.fxap3-1.fna.fbcdn.net/v/t51.2885-19/343280456_2798557240280715_8804800729360868670_n.jpg?stp=dst-jpg_s150x150_tt6&_nc_ht=instagram.fxap3-1.fna.fbcdn.net&_nc_cat=103&_nc_oc=Q6cZ2QF7bEQLpclJd-f06_N_v3PvIiqZZSjAict54ahOyQeDCmP2X0-FI0hi4y2ALH71Bm96Y3ubuHEkxqnSZefQavSA&_nc_ohc=aGHub5LTYd4Q7kNvwFVEsFK&_nc_gid=jXwVEJx1OW1u67o4bicfzA&edm=AI-cjbYBAAAA&ccb=7-5&oh=00_AfLR-y8nDMgMxUCWiIsmaf2ucJhbN9CJnpJNkM4f-AYIDQ&oe=6826DC6A&_nc_sid=0985b0,0.0,0.0
